label,sweep_param,param_value,T_K,kappa_p_W_mK
Cu,L_eff,1e-09,200,1.9578697952660866
Cu,L_eff,1e-09,300,2.1204288262832445
Cu,L_eff,1e-09,400,2.182252081511029
Cu,L_eff,1e-09,500,2.211807898117865
Cu,L_eff,1.584893192461111e-09,200,2.60931759493209
Cu,L_eff,1.584893192461111e-09,300,2.8134811564799342
Cu,L_eff,1.584893192461111e-09,400,2.890921973516813
Cu,L_eff,1.584893192461111e-09,500,2.927906209220989
Cu,L_eff,2.511886431509582e-09,200,3.3901186692342073
Cu,L_eff,2.511886431509582e-09,300,3.6378779602095523
Cu,L_eff,2.511886431509582e-09,400,3.7315881894878893
Cu,L_eff,2.511886431509582e-09,500,3.7762932588438156
Cu,L_eff,3.981071705534969e-09,200,4.305445322527072
Cu,L_eff,3.981071705534969e-09,300,4.597087129947145
Cu,L_eff,3.981071705534969e-09,400,4.707072523761248
Cu,L_eff,3.981071705534969e-09,500,4.759482508783831
Cu,L_eff,6.309573444801943e-09,200,5.3595955029138285
Cu,L_eff,6.309573444801943e-09,300,5.693988476257656
Cu,L_eff,6.309573444801943e-09,400,5.81973003856424
Cu,L_eff,6.309573444801943e-09,500,5.87958096673356
Cu,L_eff,1e-08,200,6.555231244905341
Cu,L_eff,1e-08,300,6.930181659288327
Cu,L_eff,1e-08,400,7.07077950671376
Cu,L_eff,1e-08,500,7.137629634986892
Cu,L_eff,1.5848931924611143e-08,200,7.891182618742534
Cu,L_eff,1.5848931924611143e-08,300,8.303758105779242
Cu,L_eff,1.5848931924611143e-08,400,8.458058766611227
Cu,L_eff,1.5848931924611143e-08,500,8.53135012885122
Cu,L_eff,2.511886431509582e-08,200,9.358726650905556
Cu,L_eff,2.511886431509582e-08,300,9.805504874795641
Cu,L_eff,2.511886431509582e-08,400,9.972196529296092
Cu,L_eff,2.511886431509582e-08,500,10.051300517810253
Cu,L_eff,3.981071705534969e-08,200,10.936517660272703
Cu,L_eff,3.981071705534969e-08,300,11.413758864457373
Cu,L_eff,3.981071705534969e-08,400,11.591435318187369
Cu,L_eff,3.981071705534969e-08,500,11.675682910644777
Cu,L_eff,6.30957344480193e-08,200,12.585218956034385
Cu,L_eff,6.30957344480193e-08,300,13.088985355796552
Cu,L_eff,6.30957344480193e-08,400,13.276188352220618
Cu,L_eff,6.30957344480193e-08,500,13.364889741109764
Cu,L_eff,1e-07,200,14.24456548262079
Cu,L_eff,1e-07,300,14.770822398739535
Cu,L_eff,1e-07,400,14.96607583113304
Cu,L_eff,1e-07,500,15.058535993032658
Cu,L_eff,1.584893192461114e-07,200,15.837133646722133
Cu,L_eff,1.584893192461114e-07,300,16.381867717901088
Cu,L_eff,1.584893192461114e-07,400,16.583717048352213
Cu,L_eff,1.584893192461114e-07,500,16.67925359101988
Cu,L_eff,2.5118864315095823e-07,200,17.281805181715605
Cu,L_eff,2.5118864315095823e-07,300,17.841178527461445
Cu,L_eff,2.5118864315095823e-07,400,18.048242569977205
Cu,L_eff,2.5118864315095823e-07,500,18.146209272562057
Cu,L_eff,3.981071705534969e-07,200,18.51377389609643
Cu,L_eff,3.981071705534969e-07,300,19.084299874977404
Cu,L_eff,3.981071705534969e-07,400,19.295330183214638
Cu,L_eff,3.981071705534969e-07,500,19.39514407441672
Cu,L_eff,6.309573444801942e-07,200,19.501018176965125
Cu,L_eff,6.309573444801942e-07,300,20.079713501775313
Cu,L_eff,6.309573444801942e-07,400,20.293645630200288
Cu,L_eff,6.309573444801942e-07,500,20.394810340195935
Cu,L_eff,1e-06,200,20.247915459792424
Cu,L_eff,1e-06,300,20.83238185109914
Cu,L_eff,1e-06,400,21.048362149577205
Cu,L_eff,1e-06,500,21.150479979180187
Cu,L_eff,1.584893192461114e-06,200,20.785813508687355
Cu,L_eff,1.584893192461114e-06,300,21.374232506683235
Cu,L_eff,1.584893192461114e-06,400,21.59161475817939
Cu,L_eff,1.584893192461114e-06,500,21.694384837237763
Cu,L_eff,2.5118864315095823e-06,200,21.158246046393888
Cu,L_eff,2.5118864315095823e-06,300,21.74930636182062
Cu,L_eff,2.5118864315095823e-06,400,21.967625082862515
Cu,L_eff,2.5118864315095823e-06,500,22.070830779302927
Cu,L_eff,3.981071705534969e-06,200,21.40859268334528
Cu,L_eff,3.981071705534969e-06,300,22.001385840485277
Cu,L_eff,3.981071705534969e-06,400,22.220318767782732
Cu,L_eff,3.981071705534969e-06,500,22.32381014434958
Cu,L_eff,6.309573444801943e-06,200,21.57334777313484
Cu,L_eff,6.309573444801943e-06,300,22.16726295391054
Cu,L_eff,6.309573444801943e-06,400,22.38659351220874
Cu,L_eff,6.309573444801943e-06,500,22.49026982247983
Cu,L_eff,1e-05,200,21.680205306576358
Cu,L_eff,1e-05,300,22.274840501245663
Cu,L_eff,1e-05,400,22.49442619405439
Cu,L_eff,1e-05,500,22.598221159218657
Cu,A_0,100000000.0,200,32.53950728673755
Cu,A_0,100000000.0,300,33.186005019941476
Cu,A_0,100000000.0,400,33.423914815302
Cu,A_0,100000000.0,500,33.5362221573277
Cu,A_0,199526231.49688828,200,32.18270357373956
Cu,A_0,199526231.49688828,300,32.82797638928353
Cu,A_0,199526231.49688828,400,33.06545450705886
Cu,A_0,199526231.49688828,500,33.17756151500141
Cu,A_0,398107170.5534969,200,31.51898532710368
Cu,A_0,398107170.5534969,300,32.16191415428609
Cu,A_0,398107170.5534969,400,32.3985660760481
Cu,A_0,398107170.5534969,500,32.510289635113054
Cu,A_0,794328234.7242821,200,30.35384580826586
Cu,A_0,794328234.7242821,300,30.99244235640061
Cu,A_0,794328234.7242821,400,31.227566762416537
Cu,A_0,794328234.7242821,500,31.338581291043965
Cu,A_0,1584893192.4611108,200,28.486726472747137
Cu,A_0,1584893192.4611108,300,29.117744627291366
Cu,A_0,1584893192.4611108,400,29.35019539190469
Cu,A_0,1584893192.4611108,500,29.459968606297345
Cu,A_0,3162277660.1683793,200,25.843010640515963
Cu,A_0,3162277660.1683793,300,26.46173445843516
Cu,A_0,3162277660.1683793,400,26.689843410514335
Cu,A_0,3162277660.1683793,500,26.797600023293217
Cu,A_0,6309573444.801943,200,22.587952075672597
Cu,A_0,6309573444.801943,300,23.188375619246898
Cu,A_0,6309573444.801943,400,23.410011217646
Cu,A_0,6309573444.801943,500,23.514759315860182
Cu,A_0,12589254117.941662,200,19.068827293031706
Cu,A_0,12589254117.941662,300,19.64413496036379
Cu,A_0,12589254117.941662,400,19.856864626089735
Cu,A_0,12589254117.941662,500,19.95746973683837
Cu,A_0,25118864315.09582,200,15.631545872273714
Cu,A_0,25118864315.09582,300,16.17455089761664
Cu,A_0,25118864315.09582,400,16.375786680475997
Cu,A_0,25118864315.09582,500,16.47103772780895
Cu,A_0,50118723362.72715,200,12.49847230179455
Cu,A_0,50118723362.72715,300,13.001830056144502
Cu,A_0,50118723362.72715,400,13.188893134119912
Cu,A_0,50118723362.72715,500,13.27753035605705
Cu,A_0,100000000000.0,200,9.763802444704798
Cu,A_0,100000000000.0,300,10.220109146479665
Cu,A_0,100000000000.0,400,10.390252717239825
Cu,A_0,100000000000.0,500,10.470975985997676
Cu,A_0,199526231496.88828,200,7.44102875846636
Cu,A_0,199526231496.88828,300,7.8430378775394205
Cu,A_0,199526231496.88828,400,7.993513291586227
Cu,A_0,199526231496.88828,500,8.065010746870765
Cu,A_0,398107170553.49695,200,5.506944436559857
Cu,A_0,398107170553.49695,300,5.8481315091117425
Cu,A_0,398107170553.49695,400,5.976386832821828
Cu,A_0,398107170553.49695,500,6.0374266904358915
Cu,A_0,794328234724.2821,200,3.9282310300128604
Cu,A_0,794328234724.2821,300,4.2039087297333655
Cu,A_0,794328234724.2821,400,4.308005275769803
Cu,A_0,794328234724.2821,500,4.357633286433107
Cu,A_0,1584893192461.1108,200,2.6742632982361236
Cu,A_0,1584893192461.1108,300,2.883298937966974
Cu,A_0,1584893192461.1108,400,2.9625804787484205
Cu,A_0,1584893192461.1108,500,3.0004424339351248
Cu,A_0,3162277660168.3794,200,1.719838916000777
Cu,A_0,3162277660168.3794,300,1.8664823056908597
Cu,A_0,3162277660168.3794,400,1.9223203202843273
Cu,A_0,3162277660168.3794,500,1.9490272959050767
Cu,A_0,6309573444801.942,200,1.0383688512056657
Cu,A_0,6309573444801.942,300,1.1327682935605372
Cu,A_0,6309573444801.942,400,1.1688266243320795
Cu,A_0,6309573444801.942,500,1.186094170952304
Cu,A_0,12589254117941.662,200,0.5901198058728179
Cu,A_0,12589254117941.662,300,0.6461104861365448
Cu,A_0,12589254117941.662,400,0.6675450758611565
Cu,A_0,12589254117941.662,500,0.6778184656226827
Cu,A_0,25118864315095.72,200,0.31941044740110497
Cu,A_0,25118864315095.72,300,0.3505108414962253
Cu,A_0,25118864315095.72,400,0.36243339131064034
Cu,A_0,25118864315095.72,500,0.3681508373130101
Cu,A_0,50118723362727.15,200,0.1672062038316972
Cu,A_0,50118723362727.15,300,0.1837252625093343
Cu,A_0,50118723362727.15,400,0.19006300589207017
Cu,A_0,50118723362727.15,500,0.19310320444408385
Cu,A_0,100000000000000.0,200,0.08578176185858769
Cu,A_0,100000000000000.0,300,0.09432264211464267
Cu,A_0,100000000000000.0,400,0.09760086849848455
Cu,A_0,100000000000000.0,500,0.09917368782847283
Cu,A_U,1e-47,200,20.247915459792424
Cu,A_U,1e-47,300,20.83238185109914
Cu,A_U,1e-47,400,21.048362149577205
Cu,A_U,1e-47,500,21.150479979180187
Cu,A_U,1.7782794100389229e-47,200,20.247915459792424
Cu,A_U,1.7782794100389229e-47,300,20.83238185109914
Cu,A_U,1.7782794100389229e-47,400,21.048362149577205
Cu,A_U,1.7782794100389229e-47,500,21.150479979180187
Cu,A_U,3.162277660168379e-47,200,20.247915459792424
Cu,A_U,3.162277660168379e-47,300,20.83238185109914
Cu,A_U,3.162277660168379e-47,400,21.048362149577205
Cu,A_U,3.162277660168379e-47,500,21.150479979180187
Cu,A_U,5.623413251903491e-47,200,20.247915459792424
Cu,A_U,5.623413251903491e-47,300,20.83238185109914
Cu,A_U,5.623413251903491e-47,400,21.048362149577205
Cu,A_U,5.623413251903491e-47,500,21.150479979180187
Cu,A_U,1e-46,200,20.247915459792424
Cu,A_U,1e-46,300,20.83238185109914
Cu,A_U,1e-46,400,21.048362149577205
Cu,A_U,1e-46,500,21.150479979180187
Cu,A_U,1.7782794100389227e-46,200,20.247915459792424
Cu,A_U,1.7782794100389227e-46,300,20.83238185109914
Cu,A_U,1.7782794100389227e-46,400,21.048362149577205
Cu,A_U,1.7782794100389227e-46,500,21.150479979180187
Cu,A_U,3.1622776601683793e-46,200,20.247915459792424
Cu,A_U,3.1622776601683793e-46,300,20.83238185109914
Cu,A_U,3.1622776601683793e-46,400,21.048362149577205
Cu,A_U,3.1622776601683793e-46,500,21.150479979180187
Cu,A_U,5.6234132519034906e-46,200,20.247915459792424
Cu,A_U,5.6234132519034906e-46,300,20.83238185109914
Cu,A_U,5.6234132519034906e-46,400,21.048362149577205
Cu,A_U,5.6234132519034906e-46,500,21.150479979180187
Cu,A_U,1e-45,200,20.247915459792424
Cu,A_U,1e-45,300,20.83238185109914
Cu,A_U,1e-45,400,21.048362149577205
Cu,A_U,1e-45,500,21.150479979180187
Cu,A_U,1.7782794100389227e-45,200,20.247915459792424
Cu,A_U,1.7782794100389227e-45,300,20.83238185109914
Cu,A_U,1.7782794100389227e-45,400,21.048362149577205
Cu,A_U,1.7782794100389227e-45,500,21.150479979180187
Cu,A_U,3.162277660168379e-45,200,20.247915459792424
Cu,A_U,3.162277660168379e-45,300,20.83238185109914
Cu,A_U,3.162277660168379e-45,400,21.048362149577205
Cu,A_U,3.162277660168379e-45,500,21.150479979180187
Cu,A_U,5.623413251903491e-45,200,20.247915459792424
Cu,A_U,5.623413251903491e-45,300,20.83238185109914
Cu,A_U,5.623413251903491e-45,400,21.048362149577205
Cu,A_U,5.623413251903491e-45,500,21.150479979180187
Cu,A_U,1e-44,200,20.247915459792424
Cu,A_U,1e-44,300,20.83238185109914
Cu,A_U,1e-44,400,21.048362149577205
Cu,A_U,1e-44,500,21.150479979180187
Cu,A_U,1.7782794100389228e-44,200,20.247915459792424
Cu,A_U,1.7782794100389228e-44,300,20.83238185109914
Cu,A_U,1.7782794100389228e-44,400,21.048362149577205
Cu,A_U,1.7782794100389228e-44,500,21.150479979180187
Cu,A_U,3.162277660168379e-44,200,20.247915459792424
Cu,A_U,3.162277660168379e-44,300,20.83238185109914
Cu,A_U,3.162277660168379e-44,400,21.048362149577205
Cu,A_U,3.162277660168379e-44,500,21.150479979180187
Cu,A_U,5.623413251903491e-44,200,20.247915459792424
Cu,A_U,5.623413251903491e-44,300,20.83238185109914
Cu,A_U,5.623413251903491e-44,400,21.048362149577205
Cu,A_U,5.623413251903491e-44,500,21.150479979180187
Cu,A_U,1e-43,200,20.247915459792424
Cu,A_U,1e-43,300,20.83238185109914
Cu,A_U,1e-43,400,21.048362149577205
Cu,A_U,1e-43,500,21.150479979180187
Cu,A_U,1.7782794100389228e-43,200,20.247915459792424
Cu,A_U,1.7782794100389228e-43,300,20.83238185109914
Cu,A_U,1.7782794100389228e-43,400,21.048362149577205
Cu,A_U,1.7782794100389228e-43,500,21.150479979180187
Cu,A_U,3.162277660168379e-43,200,20.247915459792424
Cu,A_U,3.162277660168379e-43,300,20.83238185109914
Cu,A_U,3.162277660168379e-43,400,21.048362149577205
Cu,A_U,3.162277660168379e-43,500,21.150479979180187
Cu,A_U,5.623413251903491e-43,200,20.247915459792424
Cu,A_U,5.623413251903491e-43,300,20.83238185109914
Cu,A_U,5.623413251903491e-43,400,21.048362149577205
Cu,A_U,5.623413251903491e-43,500,21.150479979180187
Cu,A_U,1e-42,200,20.247915459792424
Cu,A_U,1e-42,300,20.83238185109914
Cu,A_U,1e-42,400,21.048362149577205
Cu,A_U,1e-42,500,21.150479979180187
TiN,L_eff,1e-09,200,0.818879701461765
TiN,L_eff,1e-09,300,0.9646045365705582
TiN,L_eff,1e-09,400,1.0258412256907414
TiN,L_eff,1e-09,500,1.056359145651629
TiN,L_eff,1.584893192461111e-09,200,1.0475257914640927
TiN,L_eff,1.584893192461111e-09,300,1.2193170901797217
TiN,L_eff,1.584893192461111e-09,400,1.2909906467188619
TiN,L_eff,1.584893192461111e-09,500,1.3266085531513814
TiN,L_eff,2.511886431509582e-09,200,1.313185939962878
TiN,L_eff,2.511886431509582e-09,300,1.5105424810007977
TiN,L_eff,2.511886431509582e-09,400,1.5923012803680356
TiN,L_eff,2.511886431509582e-09,500,1.632817729389089
TiN,L_eff,3.981071705534969e-09,200,1.615880953496178
TiN,L_eff,3.981071705534969e-09,300,1.8376266204294436
TiN,L_eff,3.981071705534969e-09,400,1.9288706014301513
TiN,L_eff,3.981071705534969e-09,500,1.973967546669637
TiN,L_eff,6.309573444801943e-09,200,1.9535010789551706
TiN,L_eff,6.309573444801943e-09,300,2.1979338000424353
TiN,L_eff,6.309573444801943e-09,400,2.2978854052897857
TiN,L_eff,6.309573444801943e-09,500,2.34716487304751
TiN,L_eff,1e-08,200,2.320547366896342
TiN,L_eff,1e-08,300,2.585560841631676
TiN,L_eff,1e-08,400,2.693318827858768
TiN,L_eff,1e-08,500,2.746329955143082
TiN,L_eff,1.5848931924611143e-08,200,2.7068192711814456
TiN,L_eff,1.5848931924611143e-08,300,2.9900029325141504
TiN,L_eff,1.5848931924611143e-08,400,3.104582576760752
TiN,L_eff,1.5848931924611143e-08,500,3.160841071462306
TiN,L_eff,2.511886431509582e-08,200,3.096782026142018
TiN,L_eff,2.511886431509582e-08,300,3.3955180826449407
TiN,L_eff,2.511886431509582e-08,400,3.5158863791047033
TiN,L_eff,2.511886431509582e-08,500,3.5748908523244074
TiN,L_eff,3.981071705534969e-08,200,3.4707202750030213
TiN,L_eff,3.981071705534969e-08,300,3.7822998413509823
TiN,L_eff,3.981071705534969e-08,400,3.9074150560988405
TiN,L_eff,3.981071705534969e-08,500,3.9686649337283257
TiN,L_eff,6.30957344480193e-08,200,3.80837373478523
TiN,L_eff,6.30957344480193e-08,300,4.130142141758128
TiN,L_eff,6.30957344480193e-08,400,4.2590023734489435
TiN,L_eff,6.30957344480193e-08,500,4.322019776998294
TiN,L_eff,1e-07,200,4.094091050844041
TiN,L_eff,1e-07,300,4.423606453712062
TiN,L_eff,1e-07,400,4.55530227043621
TiN,L_eff,1e-07,500,4.619655713591973
TiN,L_eff,1.584893192461114e-07,200,4.320801106954232
TiN,L_eff,1.584893192461114e-07,300,4.655967447624375
TiN,L_eff,1.584893192461114e-07,400,4.789725304928749
TiN,L_eff,1.584893192461114e-07,500,4.855049115023973
TiN,L_eff,2.5118864315095823e-07,200,4.490500211776184
TiN,L_eff,2.5118864315095823e-07,300,4.829637579298032
TiN,L_eff,2.5118864315095823e-07,400,4.9648413259368045
TiN,L_eff,2.5118864315095823e-07,500,5.030844954645623
TiN,L_eff,3.981071705534969e-07,200,4.611488229148351
TiN,L_eff,3.981071705534969e-07,300,4.953331059487651
TiN,L_eff,3.981071705534969e-07,400,5.089518417851937
TiN,L_eff,3.981071705534969e-07,500,5.155984235768991
TiN,L_eff,6.309573444801942e-07,200,4.694545480496272
TiN,L_eff,6.309573444801942e-07,300,5.0381879837945664
TiN,L_eff,6.309573444801942e-07,400,5.175028982691258
TiN,L_eff,6.309573444801942e-07,500,5.241801815361239
TiN,L_eff,1e-06,200,4.750006144803114
TiN,L_eff,1e-06,300,5.09482510420327
TiN,L_eff,1e-06,400,5.232093108380206
TiN,L_eff,1e-06,500,5.299066451804892
TiN,L_eff,1.584893192461114e-06,200,4.786329097990366
TiN,L_eff,1.584893192461114e-06,300,5.131907829111303
TiN,L_eff,1.584893192461114e-06,400,5.269451480478671
TiN,L_eff,1.584893192461114e-06,500,5.33655423834305
TiN,L_eff,2.5118864315095823e-06,200,4.809808625311005
TiN,L_eff,2.5118864315095823e-06,300,5.155874024982156
TiN,L_eff,2.5118864315095823e-06,400,5.293594192059493
TiN,L_eff,2.5118864315095823e-06,500,5.360779813584918
TiN,L_eff,3.981071705534969e-06,200,4.824855317144323
TiN,L_eff,3.981071705534969e-06,300,5.171230771669057
TiN,L_eff,3.981071705534969e-06,400,5.30906337638077
TiN,L_eff,3.981071705534969e-06,500,5.3763017769502355
TiN,L_eff,6.309573444801943e-06,200,4.834443826849846
TiN,L_eff,6.309573444801943e-06,300,5.181016125133766
TiN,L_eff,6.309573444801943e-06,400,5.318920104806775
TiN,L_eff,6.309573444801943e-06,500,5.386192007784711
TiN,L_eff,1e-05,200,4.840532055804817
TiN,L_eff,1e-05,300,5.187229042672491
TiN,L_eff,1e-05,400,5.325178230824168
TiN,L_eff,1e-05,500,5.392471353419879
TiN,A_0,100000000.0,200,5.716147267543159
TiN,A_0,100000000.0,300,6.078433210135011
TiN,A_0,100000000.0,400,6.2220130988654745
TiN,A_0,100000000.0,500,6.291945097657507
TiN,A_0,199526231.49688828,200,5.713008581325227
TiN,A_0,199526231.49688828,300,6.075244656522564
TiN,A_0,199526231.49688828,400,6.218806585820205
TiN,A_0,199526231.49688828,500,6.288730177629539
TiN,A_0,398107170.5534969,200,5.706766235785432
TiN,A_0,398107170.5534969,300,6.068903007761382
TiN,A_0,398107170.5534969,400,6.21242917253298
TiN,A_0,398107170.5534969,500,6.282336022420994
TiN,A_0,794328234.7242821,200,5.694390637993976
TiN,A_0,794328234.7242821,300,6.056330046093068
TiN,A_0,794328234.7242821,400,6.199785125030953
TiN,A_0,794328234.7242821,500,6.269658697747772
TiN,A_0,1584893192.4611108,200,5.670008994354416
TiN,A_0,1584893192.4611108,300,6.031557640993281
TiN,A_0,1584893192.4611108,400,6.174871959946882
TiN,A_0,1584893192.4611108,500,6.244679636001738
TiN,A_0,3162277660.1683793,200,5.622555962297421
TiN,A_0,3162277660.1683793,300,5.983336678727676
TiN,A_0,3162277660.1683793,400,6.126374308601253
TiN,A_0,3162277660.1683793,500,6.19605244062672
TiN,A_0,6309573444.801943,200,5.532315664128654
TiN,A_0,6309573444.801943,300,5.891608481613224
TiN,A_0,6309573444.801943,400,6.034109766297968
TiN,A_0,6309573444.801943,500,6.103536738488815
TiN,A_0,12589254117.941662,200,5.367793114097786
TiN,A_0,12589254117.941662,300,5.72427674995863
TiN,A_0,12589254117.941662,400,5.865764507930324
TiN,A_0,12589254117.941662,500,5.934716697174417
TiN,A_0,25118864315.09582,200,5.0884395611464734
TiN,A_0,25118864315.09582,300,5.439847494643633
TiN,A_0,25118864315.09582,400,5.579500978136036
TiN,A_0,25118864315.09582,500,5.647593342094952
TiN,A_0,50118723362.72715,200,4.662086902566122
TiN,A_0,50118723362.72715,300,5.004914087781
TiN,A_0,50118723362.72715,400,5.141457639766959
TiN,A_0,50118723362.72715,500,5.208090511196615
TiN,A_0,100000000000.0,200,4.094091050844041
TiN,A_0,100000000000.0,300,4.423606453712062
TiN,A_0,100000000000.0,400,4.55530227043621
TiN,A_0,100000000000.0,500,4.619655713591973
TiN,A_0,199526231496.88828,200,3.4384490046273357
TiN,A_0,199526231496.88828,300,3.749135325111596
TiN,A_0,199526231496.88828,400,3.8739237255413426
TiN,A_0,199526231496.88828,500,3.9350196475229127
TiN,A_0,398107170553.49695,200,2.770717996213424
TiN,A_0,398107170553.49695,300,3.056904181938311
TiN,A_0,398107170553.49695,400,3.172610498715926
TiN,A_0,398107170553.49695,500,3.229405217369208
TiN,A_0,794328234724.2821,200,2.1515506109454887
TiN,A_0,794328234724.2821,300,2.4079263396455475
TiN,A_0,794328234724.2821,400,2.512427808289937
TiN,A_0,794328234724.2821,500,2.5638860833822052
TiN,A_0,1584893192461.1108,200,1.6132321533173322
TiN,A_0,1584893192461.1108,300,1.8352211553903612
TiN,A_0,1584893192461.1108,400,1.9265721105917315
TiN,A_0,1584893192461.1108,500,1.9717231194806053
TiN,A_0,3162277660168.3794,200,1.1659052766461193
TiN,A_0,3162277660168.3794,300,1.3500886097649532
TiN,A_0,3162277660168.3794,400,1.4266848883858743
TiN,A_0,3162277660168.3794,500,1.4647005837627258
TiN,A_0,6309573444801.942,200,0.807858710130367
TiN,A_0,6309573444801.942,300,0.9526133939615834
TiN,A_0,6309573444801.942,400,1.0134748037146395
TiN,A_0,6309573444801.942,500,1.043811996031005
TiN,A_0,12589254117941.662,200,0.5325320672761018
TiN,A_0,12589254117941.662,300,0.6388557151000992
TiN,A_0,12589254117941.662,400,0.6840306224840568
TiN,A_0,12589254117941.662,500,0.7066426454313519
TiN,A_0,25118864315095.72,200,0.33147583093659705
TiN,A_0,25118864315095.72,300,0.4035935029981589
TiN,A_0,25118864315095.72,400,0.43451503518862866
TiN,A_0,25118864315095.72,500,0.4500488116766835
TiN,A_0,50118723362727.15,200,0.19431289898704196
TiN,A_0,50118723362727.15,300,0.23929023689774312
TiN,A_0,50118723362727.15,400,0.25871039652418937
TiN,A_0,50118723362727.15,500,0.2684936411656558
TiN,A_0,100000000000000.0,200,0.10789865188461907
TiN,A_0,100000000000000.0,300,0.13390080769932666
TiN,A_0,100000000000000.0,400,0.14518142959908797
TiN,A_0,100000000000000.0,500,0.15087506208001217
TiN,A_U,1e-47,200,4.094091050844041
TiN,A_U,1e-47,300,4.423606453712062
TiN,A_U,1e-47,400,4.55530227043621
TiN,A_U,1e-47,500,4.619655713591973
TiN,A_U,1.7782794100389229e-47,200,4.094091050844041
TiN,A_U,1.7782794100389229e-47,300,4.423606453712062
TiN,A_U,1.7782794100389229e-47,400,4.55530227043621
TiN,A_U,1.7782794100389229e-47,500,4.619655713591973
TiN,A_U,3.162277660168379e-47,200,4.094091050844041
TiN,A_U,3.162277660168379e-47,300,4.423606453712062
TiN,A_U,3.162277660168379e-47,400,4.55530227043621
TiN,A_U,3.162277660168379e-47,500,4.619655713591973
TiN,A_U,5.623413251903491e-47,200,4.094091050844041
TiN,A_U,5.623413251903491e-47,300,4.423606453712062
TiN,A_U,5.623413251903491e-47,400,4.55530227043621
TiN,A_U,5.623413251903491e-47,500,4.619655713591973
TiN,A_U,1e-46,200,4.094091050844041
TiN,A_U,1e-46,300,4.423606453712062
TiN,A_U,1e-46,400,4.55530227043621
TiN,A_U,1e-46,500,4.619655713591973
TiN,A_U,1.7782794100389227e-46,200,4.094091050844041
TiN,A_U,1.7782794100389227e-46,300,4.423606453712062
TiN,A_U,1.7782794100389227e-46,400,4.55530227043621
TiN,A_U,1.7782794100389227e-46,500,4.619655713591973
TiN,A_U,3.1622776601683793e-46,200,4.094091050844041
TiN,A_U,3.1622776601683793e-46,300,4.423606453712062
TiN,A_U,3.1622776601683793e-46,400,4.55530227043621
TiN,A_U,3.1622776601683793e-46,500,4.619655713591973
TiN,A_U,5.6234132519034906e-46,200,4.094091050844041
TiN,A_U,5.6234132519034906e-46,300,4.423606453712062
TiN,A_U,5.6234132519034906e-46,400,4.55530227043621
TiN,A_U,5.6234132519034906e-46,500,4.619655713591973
TiN,A_U,1e-45,200,4.094091050844041
TiN,A_U,1e-45,300,4.423606453712062
TiN,A_U,1e-45,400,4.55530227043621
TiN,A_U,1e-45,500,4.619655713591973
TiN,A_U,1.7782794100389227e-45,200,4.094091050844041
TiN,A_U,1.7782794100389227e-45,300,4.423606453712062
TiN,A_U,1.7782794100389227e-45,400,4.55530227043621
TiN,A_U,1.7782794100389227e-45,500,4.619655713591973
TiN,A_U,3.162277660168379e-45,200,4.094091050844041
TiN,A_U,3.162277660168379e-45,300,4.423606453712062
TiN,A_U,3.162277660168379e-45,400,4.55530227043621
TiN,A_U,3.162277660168379e-45,500,4.619655713591973
TiN,A_U,5.623413251903491e-45,200,4.094091050844041
TiN,A_U,5.623413251903491e-45,300,4.423606453712062
TiN,A_U,5.623413251903491e-45,400,4.55530227043621
TiN,A_U,5.623413251903491e-45,500,4.619655713591973
TiN,A_U,1e-44,200,4.094091050844041
TiN,A_U,1e-44,300,4.423606453712062
TiN,A_U,1e-44,400,4.55530227043621
TiN,A_U,1e-44,500,4.619655713591973
TiN,A_U,1.7782794100389228e-44,200,4.094091050844041
TiN,A_U,1.7782794100389228e-44,300,4.423606453712062
TiN,A_U,1.7782794100389228e-44,400,4.55530227043621
TiN,A_U,1.7782794100389228e-44,500,4.619655713591973
TiN,A_U,3.162277660168379e-44,200,4.094091050844041
TiN,A_U,3.162277660168379e-44,300,4.423606453712062
TiN,A_U,3.162277660168379e-44,400,4.55530227043621
TiN,A_U,3.162277660168379e-44,500,4.619655713591973
TiN,A_U,5.623413251903491e-44,200,4.094091050844041
TiN,A_U,5.623413251903491e-44,300,4.423606453712062
TiN,A_U,5.623413251903491e-44,400,4.55530227043621
TiN,A_U,5.623413251903491e-44,500,4.619655713591973
TiN,A_U,1e-43,200,4.094091050844041
TiN,A_U,1e-43,300,4.423606453712062
TiN,A_U,1e-43,400,4.55530227043621
TiN,A_U,1e-43,500,4.619655713591973
TiN,A_U,1.7782794100389228e-43,200,4.094091050844041
TiN,A_U,1.7782794100389228e-43,300,4.423606453712062
TiN,A_U,1.7782794100389228e-43,400,4.55530227043621
TiN,A_U,1.7782794100389228e-43,500,4.619655713591973
TiN,A_U,3.162277660168379e-43,200,4.094091050844041
TiN,A_U,3.162277660168379e-43,300,4.423606453712062
TiN,A_U,3.162277660168379e-43,400,4.55530227043621
TiN,A_U,3.162277660168379e-43,500,4.619655713591973
TiN,A_U,5.623413251903491e-43,200,4.094091050844041
TiN,A_U,5.623413251903491e-43,300,4.423606453712062
TiN,A_U,5.623413251903491e-43,400,4.55530227043621
TiN,A_U,5.623413251903491e-43,500,4.619655713591973
TiN,A_U,1e-42,200,4.094091050844041
TiN,A_U,1e-42,300,4.423606453712062
TiN,A_U,1e-42,400,4.55530227043621
TiN,A_U,1e-42,500,4.619655713591973
SiO2,L_eff,1e-09,200,0.3883725852750165
SiO2,L_eff,1e-09,300,0.4296236333362553
SiO2,L_eff,1e-09,400,0.44632767440948107
SiO2,L_eff,1e-09,500,0.45453189986132114
SiO2,L_eff,1.584893192461111e-09,200,0.4459334167962973
SiO2,L_eff,1.584893192461111e-09,300,0.4895423019804451
SiO2,L_eff,1.584893192461111e-09,400,0.507125051799564
SiO2,L_eff,1.584893192461111e-09,500,0.5157463266481352
SiO2,L_eff,2.511886431509582e-09,200,0.5016747144130216
SiO2,L_eff,2.511886431509582e-09,300,0.5472431862665297
SiO2,L_eff,2.511886431509582e-09,400,0.5655509144875667
SiO2,L_eff,2.511886431509582e-09,500,0.5745152592729592
SiO2,L_eff,3.981071705534969e-09,200,0.5525586442849888
SiO2,L_eff,3.981071705534969e-09,300,0.5996923585303292
SiO2,L_eff,3.981071705534969e-09,400,0.6185758409862185
SiO2,L_eff,3.981071705534969e-09,500,0.6278120054743114
SiO2,L_eff,6.309573444801943e-09,200,0.5960922165873259
SiO2,L_eff,6.309573444801943e-09,300,0.6444242010456409
SiO2,L_eff,6.309573444801943e-09,400,0.6637465184877163
SiO2,L_eff,6.309573444801943e-09,500,0.6731894939191563
SiO2,L_eff,1e-08,200,0.6309851705725285
SiO2,L_eff,1e-08,300,0.6801966737740701
SiO2,L_eff,1e-08,400,0.6998400525651111
SiO2,L_eff,1e-08,500,0.7094341381989709
SiO2,L_eff,1.5848931924611143e-08,200,0.6573248578642868
SiO2,L_eff,1.5848931924611143e-08,300,0.7071576413246337
SiO2,L_eff,1.5848931924611143e-08,400,0.7270272932162652
SiO2,L_eff,1.5848931924611143e-08,500,0.7367277775889036
SiO2,L_eff,2.511886431509582e-08,200,0.6762269269345104
SiO2,L_eff,2.511886431509582e-08,300,0.7264846994427764
SiO2,L_eff,2.511886431509582e-08,400,0.7465088892685481
SiO2,L_eff,2.511886431509582e-08,500,0.756281994517346
SiO2,L_eff,3.981071705534969e-08,200,0.6892648411466562
SiO2,L_eff,3.981071705534969e-08,300,0.7398061484754721
SiO2,L_eff,3.981071705534969e-08,400,0.7599333297025282
SiO2,L_eff,3.981071705534969e-08,500,0.7697548121842201
SiO2,L_eff,6.30957344480193e-08,200,0.697999577973426
SiO2,L_eff,6.30957344480193e-08,300,0.7487266132239887
SiO2,L_eff,6.30957344480193e-08,400,0.768921210994777
SiO2,L_eff,6.30957344480193e-08,500,0.7787743514919394
SiO2,L_eff,1e-07,200,0.7037329581786183
SiO2,L_eff,1e-07,300,0.754580104532899
SiO2,L_eff,1e-07,400,0.7748182809718474
SiO2,L_eff,1e-07,500,0.7846918817363356
SiO2,L_eff,1.584893192461114e-07,200,0.7074444945633301
SiO2,L_eff,1.584893192461114e-07,300,0.7583686474303855
SiO2,L_eff,1.584893192461114e-07,400,0.7786347551279028
SiO2,L_eff,1.584893192461114e-07,500,0.788521468119806
SiO2,L_eff,2.5118864315095823e-07,200,0.7098252614768145
SiO2,L_eff,2.5118864315095823e-07,300,0.7607985038145856
SiO2,L_eff,2.5118864315095823e-07,400,0.781082413551089
SiO2,L_eff,2.5118864315095823e-07,500,0.790977483013376
SiO2,L_eff,3.981071705534969e-07,200,0.7113433290932721
SiO2,L_eff,3.981071705534969e-07,300,0.7623477485254977
SiO2,L_eff,3.981071705534969e-07,400,0.7826429631194238
SiO2,L_eff,3.981071705534969e-07,500,0.7925433389492804
SiO2,L_eff,6.309573444801942e-07,200,0.7123076009537357
SiO2,L_eff,6.309573444801942e-07,300,0.7633317739488451
SiO2,L_eff,6.309573444801942e-07,400,0.7836341506684678
SiO2,L_eff,6.309573444801942e-07,500,0.7935378882136128
SiO2,L_eff,1e-06,200,0.7129186042215482
SiO2,L_eff,1e-06,300,0.763955273840776
SiO2,L_eff,1e-06,400,0.7842621812921009
SiO2,L_eff,1e-06,500,0.7941680454036455
SiO2,L_eff,1.584893192461114e-06,200,0.7133051586475854
SiO2,L_eff,1.584893192461114e-06,300,0.7643497262960464
SiO2,L_eff,1.584893192461114e-06,400,0.7846594971418575
SiO2,L_eff,1.584893192461114e-06,500,0.7945667052138342
SiO2,L_eff,2.5118864315095823e-06,200,0.7135494727272748
SiO2,L_eff,2.5118864315095823e-06,300,0.7645990289643657
SiO2,L_eff,2.5118864315095823e-06,400,0.7849106083655315
SiO2,L_eff,2.5118864315095823e-06,500,0.7948186652929815
SiO2,L_eff,3.981071705534969e-06,200,0.7137037900293822
SiO2,L_eff,3.981071705534969e-06,300,0.7647564959550711
SiO2,L_eff,3.981071705534969e-06,400,0.7850692172257256
SiO2,L_eff,3.981071705534969e-06,500,0.7949778100933338
SiO2,L_eff,6.309573444801943e-06,200,0.7138012236762257
SiO2,L_eff,6.309573444801943e-06,300,0.7648559177589596
SiO2,L_eff,6.309573444801943e-06,400,0.7851693597988044
SiO2,L_eff,6.309573444801943e-06,500,0.7950782909607353
SiO2,L_eff,1e-05,200,0.7138627264585616
SiO2,L_eff,1e-05,300,0.7649186753174284
SiO2,L_eff,1e-05,400,0.7852325722507196
SiO2,L_eff,1e-05,500,0.7951417169172977
SiO2,A_0,100000000.0,200,0.9530270732955636
SiO2,A_0,100000000.0,300,1.0080056216352462
SiO2,A_0,100000000.0,400,1.0297336514511024
SiO2,A_0,100000000.0,500,1.040305035777997
SiO2,A_0,199526231.49688828,200,0.9529526582538292
SiO2,A_0,199526231.49688828,300,1.007930220612175
SiO2,A_0,199526231.49688828,400,1.029657896819622
SiO2,A_0,199526231.49688828,500,1.040229115896839
SiO2,A_0,398107170.5534969,200,0.95280425006266
SiO2,A_0,398107170.5534969,300,1.0077798456882476
SiO2,A_0,398107170.5534969,400,1.0295068165518153
SiO2,A_0,398107170.5534969,500,1.040077706004443
SiO2,A_0,794328234.7242821,200,0.9525084124640585
SiO2,A_0,794328234.7242821,300,1.007480086163632
SiO2,A_0,794328234.7242821,400,1.029205650467211
SiO2,A_0,794328234.7242821,500,1.0397758825976653
SiO2,A_0,1584893192.4611108,200,0.9519192334402824
SiO2,A_0,1584893192.4611108,300,1.006883090695606
SiO2,A_0,1584893192.4611108,400,1.028605851666114
SiO2,A_0,1584893192.4611108,500,1.0391747737179418
SiO2,A_0,3162277660.1683793,200,0.9507480016045344
SiO2,A_0,3162277660.1683793,300,1.005696298001724
SiO2,A_0,3162277660.1683793,400,1.0274134779704291
SiO2,A_0,3162277660.1683793,500,1.0379797918271314
SiO2,A_0,6309573444.801943,200,0.948428165634963
SiO2,A_0,6309573444.801943,300,1.003345552252569
SiO2,A_0,6309573444.801943,400,1.0250516455623122
SiO2,A_0,6309573444.801943,500,1.0356127781152296
SiO2,A_0,12589254117.941662,200,0.9438660910838351
SiO2,A_0,12589254117.941662,300,0.9987223461275461
SiO2,A_0,12589254117.941662,400,1.0204065102657893
SiO2,A_0,12589254117.941662,500,1.0309573938229053
SiO2,A_0,25118864315.09582,200,0.9350182301106753
SiO2,A_0,25118864315.09582,300,0.9897546011907027
SiO2,A_0,25118864315.09582,400,1.0113957503271227
SiO2,A_0,25118864315.09582,500,1.021926528152717
SiO2,A_0,50118723362.72715,200,0.9183022819718041
SiO2,A_0,50118723362.72715,300,0.9728072839765629
SiO2,A_0,50118723362.72715,400,0.9943653785972693
SiO2,A_0,50118723362.72715,500,1.0048573286248241
SiO2,A_0,100000000000.0,200,0.8881753419757674
SiO2,A_0,100000000000.0,300,0.9422465299178346
SiO2,A_0,100000000000.0,400,0.9636487621402292
SiO2,A_0,100000000000.0,500,0.9740678213620223
SiO2,A_0,199526231496.88828,200,0.8379516863834633
SiO2,A_0,199526231496.88828,300,0.8912476715491311
SiO2,A_0,199526231496.88828,400,0.9123709368650257
SiO2,A_0,199526231496.88828,500,0.9226594499177558
SiO2,A_0,398107170553.49695,200,0.7632174569356858
SiO2,A_0,398107170553.49695,300,0.8152227320653781
SiO2,A_0,398107170553.49695,400,0.8358802079419819
SiO2,A_0,398107170553.49695,500,0.8459505024941647
SiO2,A_0,794328234724.2821,200,0.6665028281814336
SiO2,A_0,794328234724.2821,300,0.7165399378170361
SiO2,A_0,794328234724.2821,400,0.7364838637107859
SiO2,A_0,794328234724.2821,500,0.7462192464358517
SiO2,A_0,1584893192461.1108,200,0.5578391459412525
SiO2,A_0,1584893192461.1108,300,0.6051348728093013
SiO2,A_0,1584893192461.1108,400,0.6240779329872824
SiO2,A_0,1584893192461.1108,500,0.6333422215215448
SiO2,A_0,3162277660168.3794,200,0.44940212508898725
SiO2,A_0,3162277660168.3794,300,0.4931676807080736
SiO2,A_0,3162277660168.3794,400,0.5108090399385972
SiO2,A_0,3162277660168.3794,500,0.5194581740704192
SiO2,A_0,6309573444801.942,200,0.35008245576838937
SiO2,A_0,6309573444801.942,300,0.3895708267185737
SiO2,A_0,6309573444801.942,400,0.405614106333599
SiO2,A_0,6309573444801.942,500,0.41350398007318667
SiO2,A_0,12589254117941.662,200,0.2641875460287224
SiO2,A_0,12589254117941.662,300,0.2987334716551616
SiO2,A_0,12589254117941.662,400,0.31289931065018634
SiO2,A_0,12589254117941.662,500,0.319891186732252
SiO2,A_0,25118864315095.72,200,0.19279321725344256
SiO2,A_0,25118864315095.72,300,0.22186381844935982
SiO2,A_0,25118864315095.72,400,0.23390854449570453
SiO2,A_0,25118864315095.72,500,0.23987774192934588
SiO2,A_0,50118723362727.15,200,0.13535391351459963
SiO2,A_0,50118723362727.15,300,0.15863257526556976
SiO2,A_0,50118723362727.15,400,0.16838374843226558
SiO2,A_0,50118723362727.15,500,0.17323722400034014
SiO2,A_0,100000000000000.0,200,0.09071789836744316
SiO2,A_0,100000000000000.0,300,0.10822353028260115
SiO2,A_0,100000000000000.0,400,0.11563595230227386
SiO2,A_0,100000000000000.0,500,0.11934115683860709
SiO2,A_U,1e-47,200,0.6309851705725285
SiO2,A_U,1e-47,300,0.6801966737740701
SiO2,A_U,1e-47,400,0.6998400525651111
SiO2,A_U,1e-47,500,0.7094341381989709
SiO2,A_U,1.7782794100389229e-47,200,0.6309851705725285
SiO2,A_U,1.7782794100389229e-47,300,0.6801966737740701
SiO2,A_U,1.7782794100389229e-47,400,0.6998400525651111
SiO2,A_U,1.7782794100389229e-47,500,0.7094341381989709
SiO2,A_U,3.162277660168379e-47,200,0.6309851705725285
SiO2,A_U,3.162277660168379e-47,300,0.6801966737740701
SiO2,A_U,3.162277660168379e-47,400,0.6998400525651111
SiO2,A_U,3.162277660168379e-47,500,0.7094341381989709
SiO2,A_U,5.623413251903491e-47,200,0.6309851705725285
SiO2,A_U,5.623413251903491e-47,300,0.6801966737740701
SiO2,A_U,5.623413251903491e-47,400,0.6998400525651111
SiO2,A_U,5.623413251903491e-47,500,0.7094341381989709
SiO2,A_U,1e-46,200,0.6309851705725285
SiO2,A_U,1e-46,300,0.6801966737740701
SiO2,A_U,1e-46,400,0.6998400525651111
SiO2,A_U,1e-46,500,0.7094341381989709
SiO2,A_U,1.7782794100389227e-46,200,0.6309851705725285
SiO2,A_U,1.7782794100389227e-46,300,0.6801966737740701
SiO2,A_U,1.7782794100389227e-46,400,0.6998400525651111
SiO2,A_U,1.7782794100389227e-46,500,0.7094341381989709
SiO2,A_U,3.1622776601683793e-46,200,0.6309851705725285
SiO2,A_U,3.1622776601683793e-46,300,0.6801966737740701
SiO2,A_U,3.1622776601683793e-46,400,0.6998400525651111
SiO2,A_U,3.1622776601683793e-46,500,0.7094341381989709
SiO2,A_U,5.6234132519034906e-46,200,0.6309851705725285
SiO2,A_U,5.6234132519034906e-46,300,0.6801966737740701
SiO2,A_U,5.6234132519034906e-46,400,0.6998400525651111
SiO2,A_U,5.6234132519034906e-46,500,0.7094341381989709
SiO2,A_U,1e-45,200,0.6309851705725285
SiO2,A_U,1e-45,300,0.6801966737740701
SiO2,A_U,1e-45,400,0.6998400525651111
SiO2,A_U,1e-45,500,0.7094341381989709
SiO2,A_U,1.7782794100389227e-45,200,0.6309851705725285
SiO2,A_U,1.7782794100389227e-45,300,0.6801966737740701
SiO2,A_U,1.7782794100389227e-45,400,0.6998400525651111
SiO2,A_U,1.7782794100389227e-45,500,0.7094341381989709
SiO2,A_U,3.162277660168379e-45,200,0.6309851705725285
SiO2,A_U,3.162277660168379e-45,300,0.6801966737740701
SiO2,A_U,3.162277660168379e-45,400,0.6998400525651111
SiO2,A_U,3.162277660168379e-45,500,0.7094341381989709
SiO2,A_U,5.623413251903491e-45,200,0.6309851705725285
SiO2,A_U,5.623413251903491e-45,300,0.6801966737740701
SiO2,A_U,5.623413251903491e-45,400,0.6998400525651111
SiO2,A_U,5.623413251903491e-45,500,0.7094341381989709
SiO2,A_U,1e-44,200,0.6309851705725285
SiO2,A_U,1e-44,300,0.6801966737740701
SiO2,A_U,1e-44,400,0.6998400525651111
SiO2,A_U,1e-44,500,0.7094341381989709
SiO2,A_U,1.7782794100389228e-44,200,0.6309851705725285
SiO2,A_U,1.7782794100389228e-44,300,0.6801966737740701
SiO2,A_U,1.7782794100389228e-44,400,0.6998400525651111
SiO2,A_U,1.7782794100389228e-44,500,0.7094341381989709
SiO2,A_U,3.162277660168379e-44,200,0.6309851705725285
SiO2,A_U,3.162277660168379e-44,300,0.6801966737740701
SiO2,A_U,3.162277660168379e-44,400,0.6998400525651111
SiO2,A_U,3.162277660168379e-44,500,0.7094341381989709
SiO2,A_U,5.623413251903491e-44,200,0.6309851705725285
SiO2,A_U,5.623413251903491e-44,300,0.6801966737740701
SiO2,A_U,5.623413251903491e-44,400,0.6998400525651111
SiO2,A_U,5.623413251903491e-44,500,0.7094341381989709
SiO2,A_U,1e-43,200,0.6309851705725285
SiO2,A_U,1e-43,300,0.6801966737740701
SiO2,A_U,1e-43,400,0.6998400525651111
SiO2,A_U,1e-43,500,0.7094341381989709
SiO2,A_U,1.7782794100389228e-43,200,0.6309851705725285
SiO2,A_U,1.7782794100389228e-43,300,0.6801966737740701
SiO2,A_U,1.7782794100389228e-43,400,0.6998400525651111
SiO2,A_U,1.7782794100389228e-43,500,0.7094341381989709
SiO2,A_U,3.162277660168379e-43,200,0.6309851705725285
SiO2,A_U,3.162277660168379e-43,300,0.6801966737740701
SiO2,A_U,3.162277660168379e-43,400,0.6998400525651111
SiO2,A_U,3.162277660168379e-43,500,0.7094341381989709
SiO2,A_U,5.623413251903491e-43,200,0.6309851705725285
SiO2,A_U,5.623413251903491e-43,300,0.6801966737740701
SiO2,A_U,5.623413251903491e-43,400,0.6998400525651111
SiO2,A_U,5.623413251903491e-43,500,0.7094341381989709
SiO2,A_U,1e-42,200,0.6309851705725285
SiO2,A_U,1e-42,300,0.6801966737740701
SiO2,A_U,1e-42,400,0.6998400525651111
SiO2,A_U,1e-42,500,0.7094341381989709
Si3N4,L_eff,1e-09,200,0.27814168093650216
Si3N4,L_eff,1e-09,300,0.3154453415282448
Si3N4,L_eff,1e-09,400,0.3313957374201143
Si3N4,L_eff,1e-09,500,0.33942944547135223
Si3N4,L_eff,1.584893192461111e-09,200,0.32116671549079934
Si3N4,L_eff,1.584893192461111e-09,300,0.36044517418693883
Si3N4,L_eff,1.584893192461111e-09,400,0.37713886940674973
Si3N4,L_eff,1.584893192461111e-09,500,0.3855269447459353
Si3N4,L_eff,2.511886431509582e-09,200,0.3641503183971071
Si3N4,L_eff,2.511886431509582e-09,300,0.4051012440473114
Si3N4,L_eff,2.511886431509582e-09,400,0.4224186015850444
Si3N4,L_eff,2.511886431509582e-09,500,0.43110285758540223
Si3N4,L_eff,3.981071705534969e-09,200,0.40485936794782856
Si3N4,L_eff,3.981071705534969e-09,300,0.44717691469313126
Si3N4,L_eff,3.981071705534969e-09,400,0.46500011712235334
Si3N4,L_eff,3.981071705534969e-09,500,0.4739238642250596
Si3N4,L_eff,6.309573444801943e-09,200,0.4411126873838683
Si3N4,L_eff,6.309573444801943e-09,300,0.4845029267788482
Si3N4,L_eff,6.309573444801943e-09,400,0.5027209130445233
Si3N4,L_eff,6.309573444801943e-09,500,0.51183112831776
Si3N4,L_eff,1e-08,200,0.471354746376213
Si3N4,L_eff,1e-08,300,0.5155522520808831
Si3N4,L_eff,1e-08,400,0.5340660713301704
Si3N4,L_eff,1e-08,500,0.5433157717123156
Si3N4,L_eff,1.5848931924611143e-08,200,0.49502931149187646
Si3N4,L_eff,1.5848931924611143e-08,300,0.5398101806248295
Si3N4,L_eff,1.5848931924611143e-08,400,0.5585371226663913
Si3N4,L_eff,1.5848931924611143e-08,500,0.5678871830200432
Si3N4,L_eff,2.511886431509582e-08,200,0.5125439432310654
Si3N4,L_eff,2.511886431509582e-08,300,0.5577315173887235
Si3N4,L_eff,2.511886431509582e-08,400,0.5766067222853962
Si3N4,L_eff,2.511886431509582e-08,500,0.5860265380630951
Si3N4,L_eff,3.981071705534969e-08,200,0.5249141432005766
Si3N4,L_eff,3.981071705534969e-08,300,0.5703770777013738
Si3N4,L_eff,3.981071705534969e-08,400,0.589352516526705
Si3N4,L_eff,3.981071705534969e-08,500,0.5988194623870614
Si3N4,L_eff,6.30957344480193e-08,200,0.533346327183478
Si3N4,L_eff,6.30957344480193e-08,300,0.5789915824922833
Si3N4,L_eff,6.30957344480193e-08,400,0.5980333227861854
Si3N4,L_eff,6.30957344480193e-08,500,0.6075314311194806
Si3N4,L_eff,1e-07,200,0.5389485071814348
Si3N4,L_eff,1e-07,300,0.5847125558991544
Si3N4,L_eff,1e-07,400,0.603797467947379
Si3N4,L_eff,1e-07,500,0.6133158621685859
Si3N4,L_eff,1.584893192461114e-07,200,0.5426048871129785
Si3N4,L_eff,1.584893192461114e-07,300,0.5884454827860078
Si3N4,L_eff,1.584893192461114e-07,400,0.6075582018440888
Si3N4,L_eff,1.584893192461114e-07,500,0.6170896600167827
Si3N4,L_eff,2.5118864315095823e-07,200,0.5449629656840163
Si3N4,L_eff,2.5118864315095823e-07,300,0.5908525203874865
Si3N4,L_eff,2.5118864315095823e-07,400,0.6099830199074039
Si3N4,L_eff,2.5118864315095823e-07,500,0.6195228305668368
Si3N4,L_eff,3.981071705534969e-07,200,0.5464718470685561
Si3N4,L_eff,3.981071705534969e-07,300,0.5923925631867603
Si3N4,L_eff,3.981071705534969e-07,400,0.6115343776740427
Si3N4,L_eff,3.981071705534969e-07,500,0.6210795032415858
Si3N4,L_eff,6.309573444801942e-07,200,0.5474324464971471
Si3N4,L_eff,6.309573444801942e-07,300,0.593372933630538
Si3N4,L_eff,6.309573444801942e-07,400,0.6125219263587434
Si3N4,L_eff,6.309573444801942e-07,500,0.6220704235665551
Si3N4,L_eff,1e-06,200,0.5480419993898753
Si3N4,L_eff,1e-06,300,0.5939950052588078
Si3N4,L_eff,1e-06,400,0.613148542838404
Si3N4,L_eff,1e-06,500,0.6226991747159225
Si3N4,L_eff,1.584893192461114e-06,200,0.5484279892435735
Si3N4,L_eff,1.584893192461114e-06,300,0.5943889115666765
Si3N4,L_eff,1.584893192461114e-06,400,0.6135453230422401
Si3N4,L_eff,1.584893192461114e-06,500,0.6230973047349836
Si3N4,L_eff,2.5118864315095823e-06,200,0.5486720880582006
Si3N4,L_eff,2.5118864315095823e-06,300,0.5946380123901557
Si3N4,L_eff,2.5118864315095823e-06,400,0.6137962396859997
Si3N4,L_eff,2.5118864315095823e-06,500,0.6233490742260093
Si3N4,L_eff,3.981071705534969e-06,200,0.5488263260075162
Si3N4,L_eff,3.981071705534969e-06,300,0.5947954092137315
Si3N4,L_eff,3.981071705534969e-06,400,0.6139547832185368
Si3N4,L_eff,3.981071705534969e-06,500,0.6235081563364396
Si3N4,L_eff,6.309573444801943e-06,200,0.5489237321569912
Si3N4,L_eff,6.309573444801943e-06,300,0.5948948096027729
Si3N4,L_eff,6.309573444801943e-06,400,0.614054907532346
Si3N4,L_eff,6.309573444801943e-06,500,0.623608620656425
Si3N4,L_eff,1e-05,200,0.5489852265978828
Si3N4,L_eff,1e-05,300,0.5949575627719941
Si3N4,L_eff,1e-05,400,0.6141181176267658
Si3N4,L_eff,1e-05,500,0.6236720453545672
Si3N4,A_0,100000000.0,200,0.6659468835376026
Si3N4,A_0,100000000.0,300,0.7139638186080568
Si3N4,A_0,100000000.0,400,0.7338632828881476
Si3N4,A_0,100000000.0,500,0.7437636258051127
Si3N4,A_0,199526231.49688828,200,0.6659075362048461
Si3N4,A_0,199526231.49688828,300,0.7139238739489425
Si3N4,A_0,199526231.49688828,400,0.7338231231734148
Si3N4,A_0,199526231.49688828,500,0.7437233654233651
Si3N4,A_0,398107170.5534969,200,0.6658290558703122
Si3N4,A_0,398107170.5534969,300,0.7138442020492463
Si3N4,A_0,398107170.5534969,400,0.7337430222726337
Si3N4,A_0,398107170.5534969,500,0.7436430637079369
Si3N4,A_0,794328234.7242821,200,0.6656725780390274
Si3N4,A_0,794328234.7242821,300,0.7136853477576587
Si3N4,A_0,794328234.7242821,400,0.7335833123744868
Si3N4,A_0,794328234.7242821,500,0.7434829533007721
Si3N4,A_0,1584893192.4611108,200,0.6653608048226883
Si3N4,A_0,1584893192.4611108,300,0.713368836952962
Si3N4,A_0,1584893192.4611108,400,0.7332650958537095
Si3N4,A_0,1584893192.4611108,500,0.7431639383307311
Si3N4,A_0,3162277660.1683793,200,0.6647404845358741
Si3N4,A_0,3162277660.1683793,300,0.7127390801008078
Si3N4,A_0,3162277660.1683793,400,0.7326319413793281
Si3N4,A_0,3162277660.1683793,500,0.7425291934048565
Si3N4,A_0,6309573444.801943,200,0.6635096908834847
Si3N4,A_0,6309573444.801943,300,0.7114895219895949
Si3N4,A_0,6309573444.801943,400,0.7313756267880018
Si3N4,A_0,6309573444.801943,500,0.7412697159874408
Si3N4,A_0,12589254117.941662,200,0.6610810064093295
Si3N4,A_0,12589254117.941662,300,0.7090236490609947
Si3N4,A_0,12589254117.941662,400,0.7288963620611792
Si3N4,A_0,12589254117.941662,500,0.7387841820550048
Si3N4,A_0,25118864315.09582,200,0.6563396274556542
Si3N4,A_0,25118864315.09582,300,0.7042090471235691
Si3N4,A_0,25118864315.09582,400,0.7240553865055575
Si3N4,A_0,25118864315.09582,500,0.7339308589575002
Si3N4,A_0,50118723362.72715,200,0.647270943198355
Si3N4,A_0,50118723362.72715,300,0.6949979785555276
Si3N4,A_0,50118723362.72715,400,0.7147930124623839
Si3N4,A_0,50118723362.72715,500,0.7246444608018474
Si3N4,A_0,100000000000.0,200,0.6305666859087902
Si3N4,A_0,100000000000.0,300,0.678023157102599
Si3N4,A_0,100000000000.0,400,0.6977206207865221
Si3N4,A_0,100000000000.0,500,0.7075263664765377
Si3N4,A_0,199526231496.88828,200,0.6017257180853128
Si3N4,A_0,199526231496.88828,300,0.6486881080100759
Si3N4,A_0,199526231496.88828,400,0.6682071316509048
Si3N4,A_0,199526231496.88828,500,0.677929243955386
Si3N4,A_0,398107170553.49695,200,0.5566528041390947
Si3N4,A_0,398107170553.49695,300,0.6027669871236361
Si3N4,A_0,398107170553.49695,400,0.6219788579763829
Si3N4,A_0,398107170553.49695,500,0.6315568536014642
Si3N4,A_0,794328234724.2821,200,0.494893777789029
Si3N4,A_0,794328234724.2821,300,0.5396670099828996
Si3N4,A_0,794328234724.2821,400,0.5583911059875047
Si3N4,A_0,794328234724.2821,500,0.5677398153238911
Si3N4,A_0,1584893192461.1108,200,0.42162152046034557
Si3N4,A_0,1584893192461.1108,300,0.46446027103230947
Si3N4,A_0,1584893192461.1108,400,0.4824756968802917
Si3N4,A_0,1584893192461.1108,500,0.49149031564976786
Si3N4,A_0,3162277660168.3794,200,0.34529515966869867
Si3N4,A_0,3162277660168.3794,300,0.38556951969480047
Si3N4,A_0,3162277660168.3794,400,0.40263571448468244
Si3N4,A_0,3162277660168.3794,500,0.41120091413716403
Si3N4,A_0,6309573444801.942,200,0.2733215799506705
Si3N4,A_0,6309573444801.942,300,0.31041883826295014
Si3N4,A_0,6309573444801.942,400,0.32629205251517357
Si3N4,A_0,6309573444801.942,500,0.33428906695092764
Si3N4,A_0,12589254117941.662,200,0.20993207557712817
Si3N4,A_0,12589254117941.662,300,0.2432882648212066
Si3N4,A_0,12589254117941.662,400,0.2577302100851245
Si3N4,A_0,12589254117941.662,500,0.26504021359660573
Si3N4,A_0,25118864315095.72,200,0.156600491180953
Si3N4,A_0,25118864315095.72,300,0.18572569661214117
Si3N4,A_0,25118864315095.72,400,0.19851072544663712
Si3N4,A_0,25118864315095.72,500,0.20501760125462615
Si3N4,A_0,50118723362727.15,200,0.11320973498168825
Si3N4,A_0,50118723362727.15,300,0.13772581609031792
Si3N4,A_0,50118723362727.15,400,0.14865495547981936
Si3N4,A_0,50118723362727.15,500,0.15425170107272915
Si3N4,A_0,100000000000000.0,200,0.07893642287526444
Si3N4,A_0,100000000000000.0,300,0.09863713517499806
Si3N4,A_0,100000000000000.0,400,0.10756537984729475
Si3N4,A_0,100000000000000.0,500,0.11216783649485763
Si3N4,A_U,1e-47,200,0.471354746376213
Si3N4,A_U,1e-47,300,0.5155522520808831
Si3N4,A_U,1e-47,400,0.5340660713301704
Si3N4,A_U,1e-47,500,0.5433157717123156
Si3N4,A_U,1.7782794100389229e-47,200,0.471354746376213
Si3N4,A_U,1.7782794100389229e-47,300,0.5155522520808831
Si3N4,A_U,1.7782794100389229e-47,400,0.5340660713301704
Si3N4,A_U,1.7782794100389229e-47,500,0.5433157717123156
Si3N4,A_U,3.162277660168379e-47,200,0.471354746376213
Si3N4,A_U,3.162277660168379e-47,300,0.5155522520808831
Si3N4,A_U,3.162277660168379e-47,400,0.5340660713301704
Si3N4,A_U,3.162277660168379e-47,500,0.5433157717123156
Si3N4,A_U,5.623413251903491e-47,200,0.471354746376213
Si3N4,A_U,5.623413251903491e-47,300,0.5155522520808831
Si3N4,A_U,5.623413251903491e-47,400,0.5340660713301704
Si3N4,A_U,5.623413251903491e-47,500,0.5433157717123156
Si3N4,A_U,1e-46,200,0.471354746376213
Si3N4,A_U,1e-46,300,0.5155522520808831
Si3N4,A_U,1e-46,400,0.5340660713301704
Si3N4,A_U,1e-46,500,0.5433157717123156
Si3N4,A_U,1.7782794100389227e-46,200,0.471354746376213
Si3N4,A_U,1.7782794100389227e-46,300,0.5155522520808831
Si3N4,A_U,1.7782794100389227e-46,400,0.5340660713301704
Si3N4,A_U,1.7782794100389227e-46,500,0.5433157717123156
Si3N4,A_U,3.1622776601683793e-46,200,0.471354746376213
Si3N4,A_U,3.1622776601683793e-46,300,0.5155522520808831
Si3N4,A_U,3.1622776601683793e-46,400,0.5340660713301704
Si3N4,A_U,3.1622776601683793e-46,500,0.5433157717123156
Si3N4,A_U,5.6234132519034906e-46,200,0.471354746376213
Si3N4,A_U,5.6234132519034906e-46,300,0.5155522520808831
Si3N4,A_U,5.6234132519034906e-46,400,0.5340660713301704
Si3N4,A_U,5.6234132519034906e-46,500,0.5433157717123156
Si3N4,A_U,1e-45,200,0.471354746376213
Si3N4,A_U,1e-45,300,0.5155522520808831
Si3N4,A_U,1e-45,400,0.5340660713301704
Si3N4,A_U,1e-45,500,0.5433157717123156
Si3N4,A_U,1.7782794100389227e-45,200,0.471354746376213
Si3N4,A_U,1.7782794100389227e-45,300,0.5155522520808831
Si3N4,A_U,1.7782794100389227e-45,400,0.5340660713301704
Si3N4,A_U,1.7782794100389227e-45,500,0.5433157717123156
Si3N4,A_U,3.162277660168379e-45,200,0.471354746376213
Si3N4,A_U,3.162277660168379e-45,300,0.5155522520808831
Si3N4,A_U,3.162277660168379e-45,400,0.5340660713301704
Si3N4,A_U,3.162277660168379e-45,500,0.5433157717123156
Si3N4,A_U,5.623413251903491e-45,200,0.471354746376213
Si3N4,A_U,5.623413251903491e-45,300,0.5155522520808831
Si3N4,A_U,5.623413251903491e-45,400,0.5340660713301704
Si3N4,A_U,5.623413251903491e-45,500,0.5433157717123156
Si3N4,A_U,1e-44,200,0.471354746376213
Si3N4,A_U,1e-44,300,0.5155522520808831
Si3N4,A_U,1e-44,400,0.5340660713301704
Si3N4,A_U,1e-44,500,0.5433157717123156
Si3N4,A_U,1.7782794100389228e-44,200,0.471354746376213
Si3N4,A_U,1.7782794100389228e-44,300,0.5155522520808831
Si3N4,A_U,1.7782794100389228e-44,400,0.5340660713301704
Si3N4,A_U,1.7782794100389228e-44,500,0.5433157717123156
Si3N4,A_U,3.162277660168379e-44,200,0.471354746376213
Si3N4,A_U,3.162277660168379e-44,300,0.5155522520808831
Si3N4,A_U,3.162277660168379e-44,400,0.5340660713301704
Si3N4,A_U,3.162277660168379e-44,500,0.5433157717123156
Si3N4,A_U,5.623413251903491e-44,200,0.471354746376213
Si3N4,A_U,5.623413251903491e-44,300,0.5155522520808831
Si3N4,A_U,5.623413251903491e-44,400,0.5340660713301704
Si3N4,A_U,5.623413251903491e-44,500,0.5433157717123156
Si3N4,A_U,1e-43,200,0.471354746376213
Si3N4,A_U,1e-43,300,0.5155522520808831
Si3N4,A_U,1e-43,400,0.5340660713301704
Si3N4,A_U,1e-43,500,0.5433157717123156
Si3N4,A_U,1.7782794100389228e-43,200,0.471354746376213
Si3N4,A_U,1.7782794100389228e-43,300,0.5155522520808831
Si3N4,A_U,1.7782794100389228e-43,400,0.5340660713301704
Si3N4,A_U,1.7782794100389228e-43,500,0.5433157717123156
Si3N4,A_U,3.162277660168379e-43,200,0.471354746376213
Si3N4,A_U,3.162277660168379e-43,300,0.5155522520808831
Si3N4,A_U,3.162277660168379e-43,400,0.5340660713301704
Si3N4,A_U,3.162277660168379e-43,500,0.5433157717123156
Si3N4,A_U,5.623413251903491e-43,200,0.471354746376213
Si3N4,A_U,5.623413251903491e-43,300,0.5155522520808831
Si3N4,A_U,5.623413251903491e-43,400,0.5340660713301704
Si3N4,A_U,5.623413251903491e-43,500,0.5433157717123156
Si3N4,A_U,1e-42,200,0.471354746376213
Si3N4,A_U,1e-42,300,0.5155522520808831
Si3N4,A_U,1e-42,400,0.5340660713301704
Si3N4,A_U,1e-42,500,0.5433157717123156
HfO2,L_eff,1e-09,200,0.46858427446659734
HfO2,L_eff,1e-09,300,0.5047630133433885
HfO2,L_eff,1e-09,400,0.5186848206270555
HfO2,L_eff,1e-09,500,0.5253743285158059
HfO2,L_eff,1.584893192461111e-09,200,0.5389569288677167
HfO2,L_eff,1.584893192461111e-09,300,0.5777271383368279
HfO2,L_eff,1.584893192461111e-09,400,0.5926046520029868
HfO2,L_eff,1.584893192461111e-09,500,0.5997456870432973
HfO2,L_eff,2.511886431509582e-09,200,0.6053281277381328
HfO2,L_eff,2.511886431509582e-09,300,0.6462297499301175
HfO2,L_eff,2.511886431509582e-09,400,0.6618892178072946
HfO2,L_eff,2.511886431509582e-09,500,0.6693989296915719
HfO2,L_eff,3.981071705534969e-09,200,0.6641278751455897
HfO2,L_eff,3.981071705534969e-09,300,0.7067075269629184
HfO2,L_eff,3.981071705534969e-09,400,0.7229800639837136
HfO2,L_eff,3.981071705534969e-09,500,0.7307783525755802
HfO2,L_eff,6.309573444801943e-09,200,0.71291362513941
HfO2,L_eff,6.309573444801943e-09,300,0.7567571967801793
HfO2,L_eff,6.309573444801943e-09,400,0.7734900442629484
HfO2,L_eff,6.309573444801943e-09,500,0.7815047333225673
HfO2,L_eff,1e-08,200,0.7509174554213278
HfO2,L_eff,1e-08,300,0.7956741776195907
HfO2,L_eff,1e-08,400,0.8127388132362766
HfO2,L_eff,1e-08,500,0.8209093384781945
HfO2,L_eff,1.5848931924611143e-08,200,0.7789195270005311
HfO2,L_eff,1.5848931924611143e-08,300,0.8243124600445819
HfO2,L_eff,1.5848931924611143e-08,400,0.8416078773275448
HfO2,L_eff,1.5848931924611143e-08,500,0.8498867267179415
HfO2,L_eff,2.511886431509582e-08,200,0.798636131472414
HfO2,L_eff,2.511886431509582e-08,300,0.8444595129284942
HfO2,L_eff,2.511886431509582e-08,400,0.8619108952936454
HfO2,L_eff,2.511886431509582e-08,500,0.8702629186266944
HfO2,L_eff,3.981071705534969e-08,200,0.8120464971002145
HfO2,L_eff,3.981071705534969e-08,300,0.8581547192989675
HfO2,L_eff,3.981071705534969e-08,400,0.8757092297569224
HfO2,L_eff,3.981071705534969e-08,500,0.8841096230066732
HfO2,L_eff,6.30957344480193e-08,200,0.8209426492135036
HfO2,L_eff,6.30957344480193e-08,300,0.8672363817389682
HfO2,L_eff,6.30957344480193e-08,400,0.8848580234643604
HfO2,L_eff,6.30957344480193e-08,500,0.8932898968916678
HfO2,L_eff,1e-07,200,0.8267430695761515
HfO2,L_eff,1e-07,300,0.8731563027666255
HfO2,L_eff,1e-07,400,0.890821174517864
HfO2,L_eff,1e-07,500,0.8992733173962668
HfO2,L_eff,1.584893192461114e-07,200,0.8304814257591145
HfO2,L_eff,1.584893192461114e-07,300,0.8769710751304234
HfO2,L_eff,1.584893192461114e-07,400,0.8946635850645498
HfO2,L_eff,1.584893192461114e-07,500,0.903128685707674
HfO2,L_eff,2.5118864315095823e-07,200,0.8328724998550181
HfO2,L_eff,2.5118864315095823e-07,300,0.8794107799320412
HfO2,L_eff,2.5118864315095823e-07,400,0.897120876252278
HfO2,L_eff,2.5118864315095823e-07,500,0.9055942215846029
HfO2,L_eff,3.981071705534969e-07,200,0.8343943158701799
HfO2,L_eff,3.981071705534969e-07,300,0.8809634480016424
HfO2,L_eff,3.981071705534969e-07,400,0.8986847004414344
HfO2,L_eff,3.981071705534969e-07,500,0.9071632757085203
HfO2,L_eff,6.309573444801942e-07,200,0.8353598241592742
HfO2,L_eff,6.309573444801942e-07,300,0.8819484902836696
HfO2,L_eff,6.309573444801942e-07,400,0.8996768058446858
HfO2,L_eff,6.309573444801942e-07,500,0.9081586921983066
HfO2,L_eff,1e-06,200,0.8359711500093219
HfO2,L_eff,1e-06,300,0.8825721683704449
HfO2,L_eff,1e-06,400,0.9003049501133455
HfO2,L_eff,1e-06,500,0.9087889301186367
HfO2,L_eff,1.584893192461114e-06,200,0.8363577237135443
HfO2,L_eff,1.584893192461114e-06,300,0.8829665466525083
HfO2,L_eff,1.584893192461114e-06,400,0.90070215022535
HfO2,L_eff,1.584893192461114e-06,500,0.9091874530336135
HfO2,L_eff,2.5118864315095823e-06,200,0.8366019760686507
HfO2,L_eff,2.5118864315095823e-06,300,0.8832157276918987
HfO2,L_eff,2.5118864315095823e-06,400,0.9009531132597989
HfO2,L_eff,2.5118864315095823e-06,500,0.9094392514180757
HfO2,L_eff,3.981071705534969e-06,200,0.8367562248746239
HfO2,L_eff,3.981071705534969e-06,300,0.8833730880136207
HfO2,L_eff,3.981071705534969e-06,400,0.9011115985588174
HfO2,L_eff,3.981071705534969e-06,500,0.9095982640735555
HfO2,L_eff,6.309573444801943e-06,200,0.8368536035049561
HfO2,L_eff,6.309573444801943e-06,300,0.8834724305656266
HfO2,L_eff,6.309573444801943e-06,400,0.901211651168383
HfO2,L_eff,6.309573444801943e-06,500,0.9096986495366287
HfO2,L_eff,1e-05,200,0.836915066868618
HfO2,L_eff,1e-05,300,0.8835351333541622
HfO2,L_eff,1e-05,400,0.9012748020705026
HfO2,L_eff,1e-05,500,0.9097620105005586
HfO2,A_0,100000000.0,200,1.221785868742705
HfO2,A_0,100000000.0,300,1.2743302304570534
HfO2,A_0,100000000.0,400,1.294199113925963
HfO2,A_0,100000000.0,500,1.3036820985766209
HfO2,A_0,199526231.49688828,200,1.2216626050717654
HfO2,A_0,199526231.49688828,300,1.2742055161891508
HfO2,A_0,199526231.49688828,400,1.294073881237723
HfO2,A_0,199526231.49688828,500,1.3035566239747176
HfO2,A_0,398107170.5534969,200,1.2214168072153848
HfO2,A_0,398107170.5534969,300,1.2739568250525146
HfO2,A_0,398107170.5534969,400,1.293824156084469
HfO2,A_0,398107170.5534969,500,1.3033064163111814
HfO2,A_0,794328234.7242821,200,1.2209269542943582
HfO2,A_0,794328234.7242821,300,1.273461203418143
HfO2,A_0,794328234.7242821,400,1.29332647277863
HfO2,A_0,794328234.7242821,500,1.3028077709503798
HfO2,A_0,1584893192.4611108,200,1.2199518637066578
HfO2,A_0,1584893192.4611108,300,1.2724746191720921
HfO2,A_0,1584893192.4611108,400,1.292335780766213
HfO2,A_0,1584893192.4611108,500,1.3018151620846166
HfO2,A_0,3162277660.1683793,200,1.2180153761516246
HfO2,A_0,3162277660.1683793,300,1.2705152638590445
HfO2,A_0,3162277660.1683793,400,1.2903682523896303
HfO2,A_0,3162277660.1683793,500,1.2998438197714992
HfO2,A_0,6309573444.801943,200,1.2141872258897335
HfO2,A_0,6309573444.801943,300,1.2666417429802599
HfO2,A_0,6309573444.801943,400,1.2864785147743332
HfO2,A_0,6309573444.801943,500,1.2959465144747322
HfO2,A_0,12589254117.941662,200,1.2066873398370217
HfO2,A_0,12589254117.941662,300,1.2590523316652802
HfO2,A_0,12589254117.941662,400,1.2788571006012255
HfO2,A_0,12589254117.941662,500,1.288310165154246
HfO2,A_0,25118864315.09582,200,1.1922462966918568
HfO2,A_0,25118864315.09582,300,1.2444364935176377
HfO2,A_0,25118864315.09582,400,1.2641787626103882
HfO2,A_0,25118864315.09582,500,1.273602656815537
HfO2,A_0,50118723362.72715,200,1.1653222477308618
HfO2,A_0,50118723362.72715,300,1.217177827425036
HfO2,A_0,50118723362.72715,400,1.2368003936634033
HfO2,A_0,50118723362.72715,500,1.2461684089120404
HfO2,A_0,100000000000.0,200,1.1178847682865225
HfO2,A_0,100000000000.0,300,1.1691216637738
HfO2,A_0,100000000000.0,400,1.1885227094349782
HfO2,A_0,100000000000.0,500,1.1977872794159783
HfO2,A_0,199526231496.88828,200,1.0414933916928844
HfO2,A_0,199526231496.88828,300,1.0916484040507823
HfO2,A_0,199526231496.88828,400,1.1106614541951374
HfO2,A_0,199526231496.88828,500,1.119744723656353
HfO2,A_0,398107170553.49695,200,0.9328139444875456
HfO2,A_0,398107170553.49695,300,0.981218636974635
HfO2,A_0,398107170553.49695,400,0.9996022471555617
HfO2,A_0,398107170553.49695,500,1.0083910776923013
HfO2,A_0,794328234724.2821,200,0.7987420362692885
HfO2,A_0,794328234724.2821,300,0.8445615788315362
HfO2,A_0,794328234724.2821,400,0.8620115085487425
HfO2,A_0,794328234724.2821,500,0.8703628389297796
HfO2,A_0,1584893192461.1108,200,0.654261177179373
HfO2,A_0,1584893192461.1108,300,0.6965881091056654
HfO2,A_0,1584893192461.1108,400,0.7127686589028969
HfO2,A_0,1584893192461.1108,500,0.7205237122621756
HfO2,A_0,3162277660168.3794,200,0.514477157708052
HfO2,A_0,3162277660168.3794,300,0.5524297324164176
HfO2,A_0,3162277660168.3794,400,0.5670069237959809
HfO2,A_0,3162277660168.3794,500,0.5740062966816084
HfO2,A_0,6309573444801.942,200,0.38918313946619953
HfO2,A_0,6309573444801.942,300,0.42198466782587285
HfO2,A_0,6309573444801.942,400,0.4346537120093153
HfO2,A_0,6309573444801.942,500,0.440749982867631
HfO2,A_0,12589254117941.662,200,0.28270782491538377
HfO2,A_0,12589254117941.662,300,0.3097709058807986
HfO2,A_0,12589254117941.662,400,0.3202878251240926
HfO2,A_0,12589254117941.662,500,0.32536054778084667
HfO2,A_0,25118864315095.72,200,0.19605152291542555
HfO2,A_0,25118864315095.72,300,0.2170990015648926
HfO2,A_0,25118864315095.72,400,0.22532968689568003
HfO2,A_0,25118864315095.72,500,0.22930936475934804
HfO2,A_0,50118723362727.15,200,0.12871382609171828
HfO2,A_0,50118723362727.15,300,0.1439283275399158
HfO2,A_0,50118723362727.15,400,0.14991305222668616
HfO2,A_0,50118723362727.15,500,0.15281340068590255
HfO2,A_0,100000000000000.0,200,0.07944092510669538
HfO2,A_0,100000000000000.0,300,0.0895534290863061
HfO2,A_0,100000000000000.0,400,0.0935508855627803
HfO2,A_0,100000000000000.0,500,0.09549188329775887
HfO2,A_U,1e-47,200,0.7509174554213278
HfO2,A_U,1e-47,300,0.7956741776195907
HfO2,A_U,1e-47,400,0.8127388132362766
HfO2,A_U,1e-47,500,0.8209093384781945
HfO2,A_U,1.7782794100389229e-47,200,0.7509174554213278
HfO2,A_U,1.7782794100389229e-47,300,0.7956741776195907
HfO2,A_U,1.7782794100389229e-47,400,0.8127388132362766
HfO2,A_U,1.7782794100389229e-47,500,0.8209093384781945
HfO2,A_U,3.162277660168379e-47,200,0.7509174554213278
HfO2,A_U,3.162277660168379e-47,300,0.7956741776195907
HfO2,A_U,3.162277660168379e-47,400,0.8127388132362766
HfO2,A_U,3.162277660168379e-47,500,0.8209093384781945
HfO2,A_U,5.623413251903491e-47,200,0.7509174554213278
HfO2,A_U,5.623413251903491e-47,300,0.7956741776195907
HfO2,A_U,5.623413251903491e-47,400,0.8127388132362766
HfO2,A_U,5.623413251903491e-47,500,0.8209093384781945
HfO2,A_U,1e-46,200,0.7509174554213278
HfO2,A_U,1e-46,300,0.7956741776195907
HfO2,A_U,1e-46,400,0.8127388132362766
HfO2,A_U,1e-46,500,0.8209093384781945
HfO2,A_U,1.7782794100389227e-46,200,0.7509174554213278
HfO2,A_U,1.7782794100389227e-46,300,0.7956741776195907
HfO2,A_U,1.7782794100389227e-46,400,0.8127388132362766
HfO2,A_U,1.7782794100389227e-46,500,0.8209093384781945
HfO2,A_U,3.1622776601683793e-46,200,0.7509174554213278
HfO2,A_U,3.1622776601683793e-46,300,0.7956741776195907
HfO2,A_U,3.1622776601683793e-46,400,0.8127388132362766
HfO2,A_U,3.1622776601683793e-46,500,0.8209093384781945
HfO2,A_U,5.6234132519034906e-46,200,0.7509174554213278
HfO2,A_U,5.6234132519034906e-46,300,0.7956741776195907
HfO2,A_U,5.6234132519034906e-46,400,0.8127388132362766
HfO2,A_U,5.6234132519034906e-46,500,0.8209093384781945
HfO2,A_U,1e-45,200,0.7509174554213278
HfO2,A_U,1e-45,300,0.7956741776195907
HfO2,A_U,1e-45,400,0.8127388132362766
HfO2,A_U,1e-45,500,0.8209093384781945
HfO2,A_U,1.7782794100389227e-45,200,0.7509174554213278
HfO2,A_U,1.7782794100389227e-45,300,0.7956741776195907
HfO2,A_U,1.7782794100389227e-45,400,0.8127388132362766
HfO2,A_U,1.7782794100389227e-45,500,0.8209093384781945
HfO2,A_U,3.162277660168379e-45,200,0.7509174554213278
HfO2,A_U,3.162277660168379e-45,300,0.7956741776195907
HfO2,A_U,3.162277660168379e-45,400,0.8127388132362766
HfO2,A_U,3.162277660168379e-45,500,0.8209093384781945
HfO2,A_U,5.623413251903491e-45,200,0.7509174554213278
HfO2,A_U,5.623413251903491e-45,300,0.7956741776195907
HfO2,A_U,5.623413251903491e-45,400,0.8127388132362766
HfO2,A_U,5.623413251903491e-45,500,0.8209093384781945
HfO2,A_U,1e-44,200,0.7509174554213278
HfO2,A_U,1e-44,300,0.7956741776195907
HfO2,A_U,1e-44,400,0.8127388132362766
HfO2,A_U,1e-44,500,0.8209093384781945
HfO2,A_U,1.7782794100389228e-44,200,0.7509174554213278
HfO2,A_U,1.7782794100389228e-44,300,0.7956741776195907
HfO2,A_U,1.7782794100389228e-44,400,0.8127388132362766
HfO2,A_U,1.7782794100389228e-44,500,0.8209093384781945
HfO2,A_U,3.162277660168379e-44,200,0.7509174554213278
HfO2,A_U,3.162277660168379e-44,300,0.7956741776195907
HfO2,A_U,3.162277660168379e-44,400,0.8127388132362766
HfO2,A_U,3.162277660168379e-44,500,0.8209093384781945
HfO2,A_U,5.623413251903491e-44,200,0.7509174554213278
HfO2,A_U,5.623413251903491e-44,300,0.7956741776195907
HfO2,A_U,5.623413251903491e-44,400,0.8127388132362766
HfO2,A_U,5.623413251903491e-44,500,0.8209093384781945
HfO2,A_U,1e-43,200,0.7509174554213278
HfO2,A_U,1e-43,300,0.7956741776195907
HfO2,A_U,1e-43,400,0.8127388132362766
HfO2,A_U,1e-43,500,0.8209093384781945
HfO2,A_U,1.7782794100389228e-43,200,0.7509174554213278
HfO2,A_U,1.7782794100389228e-43,300,0.7956741776195907
HfO2,A_U,1.7782794100389228e-43,400,0.8127388132362766
HfO2,A_U,1.7782794100389228e-43,500,0.8209093384781945
HfO2,A_U,3.162277660168379e-43,200,0.7509174554213278
HfO2,A_U,3.162277660168379e-43,300,0.7956741776195907
HfO2,A_U,3.162277660168379e-43,400,0.8127388132362766
HfO2,A_U,3.162277660168379e-43,500,0.8209093384781945
HfO2,A_U,5.623413251903491e-43,200,0.7509174554213278
HfO2,A_U,5.623413251903491e-43,300,0.7956741776195907
HfO2,A_U,5.623413251903491e-43,400,0.8127388132362766
HfO2,A_U,5.623413251903491e-43,500,0.8209093384781945
HfO2,A_U,1e-42,200,0.7509174554213278
HfO2,A_U,1e-42,300,0.7956741776195907
HfO2,A_U,1e-42,400,0.8127388132362766
HfO2,A_U,1e-42,500,0.8209093384781945
