omega_rad_s,M_Cu,M_TiN,T_Cu_to_TiN,T_TiN_to_Cu
50000000000.0,53616787600160.05,0.0,0.0,1.0
150000000000.0,482551088401440.44,114477120618487.06,0.19174491069092192,0.8082550893090781
250000000000.0,1340419690004001.0,254393601374415.7,0.15951309331924377,0.8404869066807562
350000000000.0,2627222592407842.5,508787202748831.4,0.16224031045266954,0.8377596895473304
450000000000.0,4342959795612964.0,826779204466851.0,0.15992668187970155,0.8400733181202984
550000000000.0,6487631299619366.0,1208369606528474.5,0.15701266427388097,0.8429873357261191
650000000000.0,9061237104427048.0,1704437129208585.0,0.15832144761387476,0.8416785523861253
750000000000.0,1.2063777210036012e+16,2251383372163578.5,0.15727265923674627,0.8427273407632537
850000000000.0,1.5495251616446256e+16,2887367375599617.5,0.15707051192482294,0.8429294880751772
950000000000.0,1.9355660323657776e+16,3612389139516702.0,0.15727888192284584,0.8427211180771541
1050000000000.0,2.3645003331670584e+16,4388289623708670.0,0.15653849980070247,0.8434615001992974
1150000000000.0,2.8363280640484664e+16,5278667228519125.0,0.1569073006436306,0.8430926993563694
1250000000000.0,3.351049225010003e+16,6232643233673184.0,0.15682313833084255,0.8431768616691575
1350000000000.0,3.908663816051667e+16,7250217639170846.0,0.15646762202669218,0.8435323779733078
1450000000000.0,4.509171837173459e+16,8382269165286996.0,0.15675414442365476,0.8432458555763453
1550000000000.0,5.1525732883753816e+16,9565199411678028.0,0.15657314518333645,0.8434268548166636
1650000000000.0,5.8388681696574296e+16,1.0837167418550108e+16,0.15654798831759528,0.8434520116824048
1750000000000.0,6.568056481019606e+16,1.2198173185903232e+16,0.15663033967646214,0.8433696603235379
1850000000000.0,7.34013822246191e+16,1.361005767353124e+16,0.1564168767861128,0.8435831232138873
1950000000000.0,8.155113393984342e+16,1.5136419281777732e+16,0.15654982236527362,0.8434501776347264
2050000000000.0,9.012981995586904e+16,1.6726379290367828e+16,0.15653166974266006,0.84346833025734
2150000000000.0,9.913744027269594e+16,1.8379937699301536e+16,0.15640187022961985,0.8435981297703802
2250000000000.0,1.085739948903241e+17,2.014797322885372e+16,0.1565231912100631,0.8434768087899368
2350000000000.0,1.1843948380875355e+17,2.19668874786808e+16,0.15645221279674737,0.8435477872032526
2450000000000.0,1.2873390702798427e+17,2.3874839488988908e+16,0.1564447650209455,0.8435552349790545
2550000000000.0,1.3945726454801629e+17,2.5871829259778076e+16,0.156486850946245,0.843513149053755
2650000000000.0,1.5060955636884957e+17,2.791969775084212e+16,0.1563872424634893,0.8436127575365108
2750000000000.0,1.6219078249048416e+17,3.0082043362524656e+16,0.15645499164568455,0.8435450083543153
2850000000000.0,1.7420094291292e+17,3.230798737455079e+16,0.15644837891308844,0.8435516210869116
2950000000000.0,1.8664003763615712e+17,3.4597529786920536e+16,0.15638180346088731,0.8436181965391126
3050000000000.0,1.9950806666019555e+17,3.700154931990876e+16,0.1564483928764292,0.8435516071235708
3150000000000.0,2.1280502998503523e+17,3.945644757317187e+16,0.15641091123026363,0.8435890887697364
3250000000000.0,2.265309276106762e+17,4.200038358691603e+16,0.15640777010175574,0.8435922298982442
3350000000000.0,2.4068575953711846e+17,4.463335736114123e+16,0.1564331119707509,0.8435668880292491
3450000000000.0,2.5526952576436202e+17,4.731720985564131e+16,0.1563756909525061,0.8436243090474939
3550000000000.0,2.702822262924068e+17,5.0115539470759896e+16,0.15641663215530838,0.8435833678446917
3650000000000.0,2.8572386112125286e+17,5.297746748622206e+16,0.15641352132875241,0.8435864786712476
3750000000000.0,3.015944302509002e+17,5.590299390202785e+16,0.1563731376092769,0.8436268623907232
3850000000000.0,3.1789393368134886e+17,5.894299743845211e+16,0.15641512965116847,0.8435848703488316
3950000000000.0,3.3462237141259885e+17,6.203387969515126e+16,0.15639203850161937,0.8436079614983806
4050000000000.0,3.517797434446501e+17,6.521379971233146e+16,0.15639043045753118,0.8436095695424688
4150000000000.0,3.693660497775026e+17,6.84827574899927e+16,0.156407317670628,0.843592682329372
4250000000000.0,3.8738129041115635e+17,7.180259398792883e+16,0.15637002174389003,0.84362997825611
4350000000000.0,4.058254653456114e+17,7.523690760648344e+16,0.1563974067329013,0.8436025932670986
4450000000000.0,4.246985745808677e+17,7.873481962538166e+16,0.1563957030492998,0.8436042969507003
4550000000000.0,4.440006181169253e+17,8.229633004462349e+16,0.15636862484591554,0.8436313751540845
4650000000000.0,4.6373159595378426e+17,8.597231758448378e+16,0.1563974995759217,0.8436025004240782
4750000000000.0,4.838915080914445e+17,8.969918384461898e+16,0.15638186795161155,0.8436181320483884
4850000000000.0,5.0448035452990586e+17,9.35150878652352e+16,0.15638093743771822,0.8436190625622817
4950000000000.0,5.254981352691687e+17,9.742002964633248e+16,0.15639298247073513,0.8436070175292648
5050000000000.0,5.4694485030923264e+17,1.0137585014770464e+17,0.15636682598018978,0.8436331740198103
5150000000000.0,5.688204996500979e+17,1.054461477696953e+17,0.15638642097040484,0.8436135790295952
5250000000000.0,5.911250832917646e+17,1.0958004379202957e+17,0.15638538888402537,0.8436146111159746
5350000000000.0,6.138586012342324e+17,1.1377753821470741e+17,0.15636598025611326,0.8436340197438866
5450000000000.0,6.370210534775016e+17,1.1808950975800376e+17,0.15638704516595908,0.843612954834041
5550000000000.0,6.60612440021572e+17,1.2245236002157499e+17,0.15637576866541295,0.843624231334587
5650000000000.0,6.846327608664438e+17,1.2690424804562726e+17,0.15637518271132497,0.843624817288675
5750000000000.0,7.090820160121167e+17,1.314451738301606e+17,0.15638420198497793,0.8436157980150221
5850000000000.0,7.33960205458591e+17,1.360369783349688e+17,0.15636484906972847,0.8436351509302715
5950000000000.0,7.592673292058665e+17,1.4074325996039549e+17,0.15637956003470477,0.8436204399652952
6050000000000.0,7.850033872539433e+17,1.4551313998616576e+17,0.15637888820497842,0.8436211117950216
6150000000000.0,8.111683796028214e+17,1.5034661841227968e+17,0.15636429876044264,0.8436357012395573
6250000000000.0,8.377623062525007e+17,1.5529457395901206e+17,0.1563803414019302,0.8436196585980698
6350000000000.0,8.647851672029814e+17,1.6029340822601933e+17,0.15637182560267218,0.8436281743973278
6450000000000.0,8.922369624542633e+17,1.6538128025350765e+17,0.1563714330703011,0.843628566929699
6550000000000.0,9.201176920063468e+17,1.7055819004147702e+17,0.15637843730553713,0.8436215626944629
6650000000000.0,9.484273558592312e+17,1.757859785497212e+17,0.15636354166012406,0.843636458339876
6750000000000.0,9.771659540129169e+17,1.8112824417858397e+17,0.1563749904483576,0.8436250095516424
6850000000000.0,1.006333486467404e+18,1.865341082077903e+17,0.15637452894223489,0.8436254710577651
6950000000000.0,1.0359299532226924e+18,1.9200357063734022e+17,0.15636316372711556,0.8436368362728844
7050000000000.0,1.065955354278782e+18,1.9758751018750867e+17,0.1563757872756995,0.8436242127243004
7150000000000.0,1.0964096896356727e+18,2.03222328457952e+17,0.15636913036049252,0.8436308696395074
7250000000000.0,1.127292959293365e+18,2.0894618448887632e+17,0.15636885467780234,0.8436311453221976
7350000000000.0,1.1586051632518584e+18,2.1475907828028173e+17,0.15637445026287722,0.8436255497371229
7450000000000.0,1.1903463015111532e+18,2.2062285079196202e+17,0.15636263233100514,0.8436373676689948
7550000000000.0,1.2225163740712494e+18,2.2660110042426077e+17,0.1563717948423393,0.8436282051576607
7650000000000.0,1.2551153809321467e+18,2.326429484569031e+17,0.15637146427702292,0.843628535722977
7750000000000.0,1.288143322093845e+18,2.387483948898891e+17,0.15636236167520742,0.8436376383247927
7850000000000.0,1.3216001975563453e+18,2.4496831844349363e+17,0.15637255309394896,0.8436274469060511
7950000000000.0,1.3554860073196462e+18,2.512391207173729e+17,0.15636720701836457,0.8436327929816354
8050000000000.0,1.3898007513837486e+18,2.575989607517333e+17,0.15636700604846798,0.843632993951532
8150000000000.0,1.4245444297486523e+18,2.6404783854657475e+17,0.156371578565353,0.8436284214346469
8250000000000.0,1.4597170424143575e+18,2.7054759506169104e+17,0.15636197446440392,0.843638025535596
8350000000000.0,1.495318589380864e+18,2.771618286974259e+17,0.1563694728982804,0.8436305271017196
8450000000000.0,1.531349070648171e+18,2.838396607335043e+17,0.15636922807329945,0.8436307719267006
8550000000000.0,1.5678084862162796e+18,2.9058109116992634e+17,0.15636177403589607,0.8436382259641039
8650000000000.0,1.6046968360851901e+18,2.9743699872696685e+17,0.1563701740032083,0.8436298259967917
8750000000000.0,1.6420141202549015e+18,3.0434378500428224e+17,0.15636578667362558,0.8436342133263744
8850000000000.0,1.6797603387254141e+18,3.113396090420786e+17,0.15636563568351555,0.8436343643164845
8950000000000.0,1.717935491496728e+18,3.1842447084035603e+17,0.15636944191090238,0.8436305580890976
9050000000000.0,1.7565395785688433e+18,3.255602113589084e+17,0.1563614832170005,0.8436385167829995
9150000000000.0,1.79557259994176e+18,3.328104289980793e+17,0.15636773290935993,0.8436322670906401
9250000000000.0,1.8350345556154775e+18,3.401242450375937e+17,0.1563675465604969,0.843632453439503
9350000000000.0,1.8749254455899965e+18,3.475016594774518e+17,0.15636133067541286,0.8436386693245872
9450000000000.0,1.9152452698653174e+18,3.549935510379284e+17,0.1563683731285545,0.8436316268714454
9550000000000.0,1.9559940284414387e+18,3.625363213186798e+17,0.15636470808164696,0.843635291918353
9650000000000.0,1.9971717213183616e+18,3.7016812935991226e+17,0.15636459178172252,0.8436354082182774
9750000000000.0,2.0387783484960855e+18,3.778889751616257e+17,0.15636780928112085,0.8436321907188792
9850000000000.0,2.0808139099746115e+18,3.8566069968361414e+17,0.156361106728382,0.843638893271618
9950000000000.0,2.123278405753938e+18,3.9354690132622106e+17,0.15636639548208692,0.8436336045179129
10050000000000.0,2.166171835834066e+18,4.014967013691715e+17,0.1563662503753272,0.8436337496246729
10150000000000.0,2.2094942002149955e+18,4.0951009981246566e+17,0.15636098795567913,0.8436390120443209
10250000000000.0,2.253245498896726e+18,4.1763797537637824e+17,0.156366977219042,0.843633022780958
10350000000000.0,2.2974257318792576e+18,4.258167296605656e+17,0.15636386978917513,0.843636130210825
10450000000000.0,2.342034899162591e+18,4.3408452170523424e+17,0.1563637783166899,0.84363622168331
10550000000000.0,2.3870730007467254e+18,4.4244135151038374e+17,0.1563665337684,0.8436334662316001
10650000000000.0,2.4325400366316616e+18,4.5084906003580826e+17,0.156360811850501,0.843639188149499
10750000000000.0,2.4784360068173983e+18,4.5937124568185114e+17,0.15636534537487276,0.8436346546251273
10850000000000.0,2.524760911303937e+18,4.679570297282377e+17,0.15636523018498746,0.8436347698150126
10950000000000.0,2.5715147500912763e+18,4.766064121749678e+17,0.15636071757089087,0.8436392824291091
11050000000000.0,2.618697523179417e+18,4.8537027174231635e+17,0.15636587336667837,0.8436341266333216
11150000000000.0,2.666309230568359e+18,4.941850100299399e+17,0.15636320537524157,0.8436367946247585
11250000000000.0,2.714349872258103e+18,5.030887860780444e+17,0.15636313213760217,0.8436368678623978
11350000000000.0,2.762819448248647e+18,5.1208159988663e+17,0.15636551833473208,0.843634481665268
11450000000000.0,2.811717958539993e+18,5.211252924154905e+17,0.15636057659360084,0.8436394234063992
11550000000000.0,2.8610454031321405e+18,5.302834620649695e+17,0.15636450581567188,0.843635494184328
11650000000000.0,2.910801782025089e+18,5.3950523011479194e+17,0.1563644128526959,0.8436355871473041
11750000000000.0,2.960987095218839e+18,5.487905965649582e+17,0.15636050050966127,0.8436394994903387
11850000000000.0,3.01160134271339e+18,5.581904401357429e+17,0.15636498543627614,0.8436350145637238
11950000000000.0,3.0626445245087416e+18,5.676411624268024e+17,0.1563626698773586,0.8436373301226414
12050000000000.0,3.114116640604895e+18,5.771809224783429e+17,0.15636261033267654,0.8436373896673234
12150000000000.0,3.166017691001851e+18,5.868097202903645e+17,0.15636469679491807,0.843635303205082
12250000000000.0,3.218347675699607e+18,5.964893968226611e+17,0.15636038590457502,0.843639614095425
12350000000000.0,3.271106594698164e+18,6.062835504755763e+17,0.1563638240609418,0.8436361759390582
12450000000000.0,3.324294447997523e+18,6.161413025288348e+17,0.15636374795516755,0.8436362520448325
12550000000000.0,3.377911235597683e+18,6.26062652982437e+17,0.1563603236195054,0.8436396763804946
12650000000000.0,3.4319569574986445e+18,6.360984805566577e+17,0.15636426057672875,0.8436357394232713
12750000000000.0,3.4864316137004073e+18,6.461851868511532e+17,0.1563622319797253,0.8436377680202748
12850000000000.0,3.541335204202971e+18,6.563609309061299e+17,0.15636218291657517,0.8436378170834248
12950000000000.0,3.5966677290063365e+18,6.666257127215876e+17,0.1563640227521853,0.8436359772478147
13050000000000.0,3.652429188110503e+18,6.769413732573202e+17,0.1563602291977167,0.8436397708022833
13150000000000.0,3.7086195815154703e+18,6.873715109136712e+17,0.15636326290503075,0.8436367370949692
13250000000000.0,3.76523890922124e+18,6.978652469703658e+17,0.1563631998151391,0.8436368001848609
13350000000000.0,3.8222871712278093e+18,7.08422581427404e+17,0.1563601775664915,0.8436398224335084
13450000000000.0,3.879764367535182e+18,7.190943930050607e+17,0.1563636611707089,0.8436363388292911
13550000000000.0,3.937670498143354e+18,7.298170833029923e+17,0.15636186932860333,0.8436381306713968
13650000000000.0,3.9960055630523274e+18,7.40628811361405e+17,0.15636182842444427,0.8436381715755557
13750000000000.0,4.0547695622621036e+18,7.515295771802988e+17,0.15636346290078953,0.8436365370992105
13850000000000.0,4.11396249577268e+18,7.624812217194673e+17,0.1563600988532675,0.8436399011467326
13950000000000.0,4.1735843635840584e+18,7.735473433792544e+17,0.1563627954942965,0.8436372045057036
14050000000000.0,4.2336351656962376e+18,7.846770634393851e+17,0.15636274261367383,0.8436372573863262
14150000000000.0,4.2941149021092183e+18,7.958703818998595e+17,0.15636005557819607,0.8436399444218039
14250000000000.0,4.355023572823e+18,8.07178177480952e+17,0.156363159853918,0.8436368401460821
14350000000000.0,4.4163611778375834e+18,8.185368517823197e+17,0.15636156562189088,0.843638434378109
14450000000000.0,4.4781277171529667e+18,8.299845638441684e+17,0.1563615311634393,0.8436384688365607
14550000000000.0,4.540323190769153e+18,8.415213136664983e+17,0.1563629928313474,0.8436370071686525
14650000000000.0,4.60294759868614e+18,8.53108942209103e+17,0.15635998927333747,0.8436400107266625
14750000000000.0,4.666000940903928e+18,8.64811047872326e+17,0.15636240205367638,0.8436375979463236
14850000000000.0,4.729483217422518e+18,8.765767519358927e+17,0.15636235729319412,0.843637642706806
14950000000000.0,4.793394428241909e+18,8.884060543998031e+17,0.1563599526442268,0.8436400473557731
15050000000000.0,4.8577345733621e+18,9.00349833984332e+17,0.15636273633565076,0.8436372636643493
15150000000000.0,4.922503652783094e+18,9.123444922891359e+17,0.15636130874453838,0.8436386912554616
15250000000000.0,4.987701666504888e+18,9.244281883544205e+17,0.15636127944561515,0.8436387205543848
15350000000000.0,5.053328614527484e+18,9.366009221801862e+17,0.15636259432443733,0.8436374056755627
15450000000000.0,5.119384496850882e+18,9.48824534726227e+17,0.15635989627068442,0.8436401037293156
15550000000000.0,5.18586931347508e+18,9.61162624392886e+17,0.15636206776017747,0.8436379322398225
15650000000000.0,5.25278306440008e+18,9.735643124598889e+17,0.15636202953887718,0.8436379704611229
15750000000000.0,5.320125749625881e+18,9.860295989272351e+17,0.15635986499340992,0.8436401350065901
15850000000000.0,5.387897369152483e+18,9.986093625152e+17,0.1563623753128711,0.8436376246871289
15950000000000.0,5.456097922979886e+18,1.0112400048234399e+18,0.1563610895413523,0.8436389104586476
16050000000000.0,5.524727411108092e+18,1.0239596848921606e+18,0.1563610644212281,0.8436389355787719
16150000000000.0,5.593785833537098e+18,1.0367684027213624e+18,0.1563622535582181,0.843637746441782
16250000000000.0,5.663273190266906e+18,1.049627999270839e+18,0.1563598166626846,0.8436401833373154
16350000000000.0,5.733189481297513e+18,1.0626020729409344e+18,0.15636178132600362,0.8436382186739965
16450000000000.0,5.803534706628924e+18,1.075639745011373e+18,0.15636174842969613,0.8436382515703038
16550000000000.0,5.874308866261135e+18,1.0887410154821555e+18,0.15635978974339546,0.8436402102566046
16650000000000.0,5.945511960194148e+18,1.1019567630735565e+18,0.15636206506818115,0.8436379349318188
16750000000000.0,6.01714398842796e+18,1.1152233893852321e+18,0.1563609009898146,0.8436390990101854
16850000000000.0,6.089204950962576e+18,1.1285790534573888e+18,0.1563608792901366,0.8436391207098635
16950000000000.0,6.161694847797992e+18,1.1420237552900268e+18,0.15636195989357776,0.8436380401064222
17050000000000.0,6.234613678934211e+18,1.1555193358429396e+18,0.1563597479953863,0.8436402520046137
17150000000000.0,6.307961444371231e+18,1.1691293935164708e+18,0.15636153403303485,0.8436384659669652
17250000000000.0,6.38173814410905e+18,1.1828030495903457e+18,0.15636150551675462,0.8436384944832453
17350000000000.0,6.45594377814767e+18,1.1965403040645642e+18,0.1563597246606307,0.8436402753393692
17450000000000.0,6.530578346487093e+18,1.210392035659401e+18,0.156361796506935,0.843638203493065
17550000000000.0,6.60564184912732e+18,1.2242946459745126e+18,0.15636073763055341,0.8436392623694465
17650000000000.0,6.681134286068343e+18,1.2382862940501059e+18,0.15636071875748075,0.8436392812425193
17750000000000.0,6.75705565731017e+18,1.2523669798861798e+18,0.15636170503353078,0.8436382949664692
17850000000000.0,6.833405962852796e+18,1.2664985444425283e+18,0.15635968835210756,0.8436403116478925
17950000000000.0,6.910185202696228e+18,1.2807445861194957e+18,0.15636131906151654,0.8436386809384835
18050000000000.0,6.987393376840457e+18,1.2950542261968067e+18,0.15636129418094913,0.8436387058190509
18150000000000.0,7.065030485285489e+18,1.3094274646744612e+18,0.1563596679926876,0.8436403320073124
18250000000000.0,7.143096528031324e+18,1.3239151802727342e+18,0.15636156248305394,0.8436384375169461
18350000000000.0,7.221591505077955e+18,1.338453774591282e+18,0.1563605951676695,0.8436394048323305
18450000000000.0,7.300515416425392e+18,1.353081406670311e+18,0.15636057865083955,0.8436394213491604
18550000000000.0,7.379868262073631e+18,1.3677980765098207e+18,0.1563614824306747,0.8436385175693253
18650000000000.0,7.459650042022668e+18,1.3825656250696056e+18,0.15635963621822138,0.8436403637817786
18750000000000.0,7.539860756272506e+18,1.3974476507500088e+18,0.15636113101478746,0.8436388689852126
18850000000000.0,7.620500404823148e+18,1.4123932748307558e+18,0.15636110917723897,0.843638890822761
18950000000000.0,7.701568987674588e+18,1.4274024973118461e+18,0.15635961834905077,0.8436403816509492
19050000000000.0,7.783066504826833e+18,1.4425261969135555e+18,0.15636135731869302,0.843638642681307
19150000000000.0,7.864992956279878e+18,1.4577007752355395e+18,0.15636047018339497,0.8436395298166051
19250000000000.0,7.947348342033724e+18,1.4729643913180042e+18,0.1563604556463516,0.8436395443536483
19350000000000.0,8.03013266208837e+18,1.4883170451609503e+18,0.1563612868624433,0.8436387131375568
19450000000000.0,8.113345916443818e+18,1.5037205777241713e+18,0.15635959038403882,0.8436404096159611
19550000000000.0,8.196988105100069e+18,1.5192385874080102e+18,0.15636096557724968,0.8436390344227505
19650000000000.0,8.281059228057119e+18,1.5348201954921933e+18,0.1563609463060437,0.8436390536939562
19750000000000.0,8.365559285314972e+18,1.5504654019767201e+18,0.15635957461499525,0.8436404253850048
19850000000000.0,8.450488276873626e+18,1.566225085581865e+18,0.15636117645657793,0.8436388235434221
19950000000000.0,8.535846202733081e+18,1.582035647907285e+18,0.1563603599311804,0.8436396400688196
20050000000000.0,8.621633062893336e+18,1.5979352479931858e+18,0.15636034706974516,0.8436396529302549
20150000000000.0,8.707848857354394e+18,1.613923885839568e+18,0.15636111412196785,0.8436388858780323
20250000000000.0,8.794493586116252e+18,1.629963402406225e+18,0.1563595498739978,0.8436404501260023
20350000000000.0,8.881567249178913e+18,1.6461173960935e+18,0.1563608192645388,0.8436391807354613
20450000000000.0,8.969069846542373e+18,1.6623349881811195e+18,0.1563608021727972,0.8436391978272029
20550000000000.0,9.057001378206636e+18,1.6786161786690816e+18,0.1563595358884592,0.8436404641115407
20650000000000.0,9.145361844171699e+18,1.6950118462776627e+18,0.15636101620472825,0.8436389837952717
20750000000000.0,9.234151244437565e+18,1.7114583926065188e+18,0.1563602621835056,0.8436397378164944
20850000000000.0,9.323369579004232e+18,1.7279939766958559e+18,0.15636025074974472,0.8436397492502553
20950000000000.0,9.413016847871697e+18,1.7446185985456737e+18,0.15636096078993664,0.8436390392100633
21050000000000.0,9.503093051039967e+18,1.7612940991157668e+18,0.15635951389431924,0.8436404861056807
21150000000000.0,9.593598188509037e+18,1.7780840768064783e+18,0.1563606892385455,0.8436393107614545
21250000000000.0,9.684532260278909e+18,1.7949376528975334e+18,0.15636067400962966,0.8436393259903703
21350000000000.0,9.77589526634958e+18,1.811854827388932e+18,0.15635950143315355,0.8436404985668464
21450000000000.0,9.867687206721053e+18,1.8288864790009492e+18,0.15636087354653863,0.8436391264534614
21550000000000.0,9.959908081393332e+18,1.8459690093332413e+18,0.15636017511847855,0.8436398248815214
21650000000000.0,1.0052557890366407e+19,1.8631405774260142e+18,0.1563601649086704,0.8436398350913296
21750000000000.0,1.0145636633640284e+19,1.8804011832792689e+18,0.15636082406407484,0.8436391759359252
21850000000000.0,1.0239144311214965e+19,1.8977126678527974e+18,0.15635948179382447,0.8436405182061755
21950000000000.0,1.0333080923090444e+19,1.915138629546945e+18,0.15636057316873955,0.8436394268312605
22050000000000.0,1.0427446469266727e+19,1.9326281896414356e+18,0.15636055954148712,0.8436394404585129
22150000000000.0,1.052224094974381e+19,1.9501813481362706e+18,0.156359470643304,0.8436405293566961
22250000000000.0,1.0617464364521693e+19,1.9678489837517235e+18,0.15636074599776997,0.84363925400223
22350000000000.0,1.0713116713600379e+19,1.9855674980874516e+18,0.15636009723432145,0.8436399027656787
22450000000000.0,1.0809197996979864e+19,2.003375050183661e+18,0.1563600880798235,0.8436399119201765
22550000000000.0,1.0905708214660153e+19,2.0212716400403512e+18,0.15636070163019378,0.8436392983698062
22650000000000.0,1.1002647366641242e+19,2.0392191086173158e+18,0.1563594530342627,0.8436405469657372
22750000000000.0,1.1100015452923134e+19,2.0572810543148995e+18,0.15636046912700927,0.8436395308729907
22850000000000.0,1.1197812473505827e+19,2.0754065984128266e+18,0.15636045688446737,0.8436395431155326
22950000000000.0,1.1296038428389319e+19,2.0935957409110976e+18,0.15635944301684263,0.8436405569831573
23050000000000.0,1.1394693317573612e+19,2.1118993605299868e+18,0.15636063149766277,0.8436393685023372
23150000000000.0,1.149377714105871e+19,2.1302538588691507e+18,0.15636002728417384,0.843639972715826
23250000000000.0,1.1593289898844606e+19,2.1486973949687962e+18,0.1563600190444167,0.8436399809555832
23350000000000.0,1.1693231590931304e+19,2.1672299688289219e+18,0.15636059156361984,0.8436394084363802
23450000000000.0,1.1793602217318806e+19,2.185813421409323e+18,0.15635942716760026,0.8436405728323997
23550000000000.0,1.1894401778007106e+19,2.2045113511103427e+18,0.15636037550706852,0.8436396244929315
23650000000000.0,1.1995630272996205e+19,2.2232728792117059e+18,0.1563603644678089,0.843639635532191
23750000000000.0,1.209728770228611e+19,2.242098005713412e+18,0.15635941813480975,0.8436405818651903
23850000000000.0,1.2199374065876816e+19,2.2610376093357379e+18,0.1563605283251732,0.8436394716748268
23950000000000.0,1.230188936376832e+19,2.280028091678338e+18,0.15635996422587747,0.8436400357741225
24050000000000.0,1.240483359596063e+19,2.299107611781419e+18,0.15635995678293876,0.8436400432170612
24150000000000.0,1.2508206762453735e+19,2.318276169644982e+18,0.15636049225308926,0.8436395077469107
24250000000000.0,1.2612008863247647e+19,2.337495606228819e+18,0.15635940381846505,0.8436405961815349
24350000000000.0,1.271623989834236e+19,2.356829519933274e+18,0.1563602909620844,0.8436397090379156
24450000000000.0,1.282089986773787e+19,2.3762270320380733e+18,0.1563602809734455,0.8436397190265545
24550000000000.0,1.2925988771434185e+19,2.395688142543216e+18,0.15635939564537601,0.843640604354624
24650000000000.0,1.3031506609431298e+19,2.4152637301689774e+18,0.1563604350339217,0.8436395649660783
24750000000000.0,1.3137453381729217e+19,2.4348901965150136e+18,0.1563599071829332,0.8436400928170668
24850000000000.0,1.3243829088327934e+19,2.454605700621531e+18,0.15635990043729656,0.8436400995627035
24950000000000.0,1.3350633729227452e+19,2.4744102424885294e+18,0.15636040234144247,0.8436395976585576
25050000000000.0,1.3457867304427774e+19,2.494265663075802e+18,0.15635938267045058,0.8436406173295493
25150000000000.0,1.3565529813928892e+19,2.514235560783694e+18,0.15636021435596562,0.8436397856440344
25250000000000.0,1.3673621257730814e+19,2.5342690568919286e+18,0.1563602052887484,0.8436397947112516
25350000000000.0,1.378214163583354e+19,2.554366151400508e+18,0.15635937525133642,0.8436406247486636
25450000000000.0,1.3891090948237066e+19,2.5745777230297047e+18,0.15636035040122254,0.8436396495987775
25550000000000.0,1.400046919494139e+19,2.594840173379177e+18,0.15635985541387787,0.8436401445861221
25650000000000.0,1.4110276375946519e+19,2.6151916614891305e+18,0.15635984928109026,0.8436401507189097
25750000000000.0,1.422051249125245e+19,2.635632187359565e+18,0.15636032067901015,0.8436396793209899
25850000000000.0,1.433117754085918e+19,2.656123591950274e+18,0.15635936345534068,0.8436406365446593
25950000000000.0,1.4442271524766708e+19,2.676729473661602e+18,0.15636014472499601,0.843639855275004
26050000000000.0,1.4553794442975044e+19,2.697398953773273e+18,0.15636013646926633,0.8436398635307336
26150000000000.0,1.4665746295484178e+19,2.7181320322852874e+18,0.15635935670024056,0.8436406432997595
26250000000000.0,1.4778127082294112e+19,2.7389795879179213e+18,0.15636027338781786,0.8436397266121821
26350000000000.0,1.489093680340485e+19,2.7598780222708296e+18,0.15635980828806756,0.8436401917119325
26450000000000.0,1.5004175458816387e+19,2.780865494384219e+18,0.1563598026960839,0.843640197303916
26550000000000.0,1.5117843048528724e+19,2.801942004258089e+18,0.15636024628667866,0.8436397537133213
26650000000000.0,1.5231939572541866e+19,2.823069392852234e+18,0.15635934594456255,0.8436406540554374
26750000000000.0,1.5346465030855811e+19,2.8443112585669985e+18,0.15636008124737638,0.8436399187526237
26850000000000.0,1.5461419423470553e+19,2.865616722682106e+18,0.15636007370911834,0.8436399262908817
26950000000000.0,1.5576802750386096e+19,2.8869857851975567e+18,0.15635933977654262,0.8436406602234573
27050000000000.0,1.5692615011602442e+19,2.908469324833625e+18,0.1563602031058197,0.8436397968941802
27150000000000.0,1.580885620711959e+19,2.93000374318997e+18,0.15635976526637987,0.84364023473362
27250000000000.0,1.5925526336937538e+19,2.951627199306795e+18,0.15635976015343836,0.8436402398465616
27350000000000.0,1.6042625401056289e+19,2.9733396931841014e+18,0.156360178326404,0.843639821673596
27450000000000.0,1.616015339947584e+19,2.995103065781683e+18,0.1563593299423578,0.8436406700576422
27550000000000.0,1.6278110332196192e+19,3.0169809154998825e+18,0.15636002321886527,0.8436399767811347
27650000000000.0,1.6396496199217342e+19,3.0389223636184264e+18,0.15636001631729335,0.8436399836827068
27750000000000.0,1.6515311000539296e+19,3.0609274101373133e+18,0.1563593242953113,0.8436406757046887
27850000000000.0,1.6634554736162054e+19,3.083046933776819e+18,0.15636013879300448,0.8436398612069955
27950000000000.0,1.6754227406085614e+19,3.1052173361365985e+18,0.15635972588572655,0.8436402741142734
28050000000000.0,1.687432901030997e+19,3.12747677625686e+18,0.15635972119863634,0.8436402788013637
28150000000000.0,1.6994859548835131e+19,3.149825254137602e+18,0.15636011607750672,0.8436398839224933
28250000000000.0,1.711581902166109e+19,3.17222461073862e+18,0.15635931528028774,0.8436406847197123
28350000000000.0,1.7237207428787855e+19,3.194738444460255e+18,0.15635997003316165,0.8436400299668384
28450000000000.0,1.7359024770215416e+19,3.217315876582235e+18,0.15635996369854782,0.8436400363014521
28550000000000.0,1.7481271045943783e+19,3.239956907104558e+18,0.15635931009715673,0.8436406899028432
28650000000000.0,1.7603946255972948e+19,3.2627124147474995e+18,0.15636007979205854,0.8436399202079415
28750000000000.0,1.7727050400302916e+19,3.285518801110716e+18,0.156359689746539,0.843640310253461
28850000000000.0,1.7850583478933688e+19,3.3084142252344136e+18,0.1563596854392914,0.8436403145607085
28950000000000.0,1.7974545491865256e+19,3.331398687118592e+18,0.15636005891748647,0.8436399410825136
29050000000000.0,1.8098936439097627e+19,3.354434027723045e+18,0.15635930181278238,0.8436406981872178
29150000000000.0,1.8223756320630796e+19,3.377583845448117e+18,0.1563599211660032,0.8436400788339967
29250000000000.0,1.8349005136464773e+19,3.400797261573532e+18,0.15635991533790958,0.8436400846620904
29350000000000.0,1.847468288659955e+19,3.424074276099291e+18,0.15635929704411144,0.8436407029558884
29450000000000.0,1.8600789571035128e+19,3.447465767745669e+18,0.15636002553371664,0.8436399744662835
29550000000000.0,1.87273251897715e+19,3.4709081381123215e+18,0.1563596565025928,0.8436403434974074
29650000000000.0,1.8854289742808682e+19,3.4944395462394547e+18,0.15635965253522865,0.8436403474647713
29750000000000.0,1.898168323014666e+19,3.518059992127069e+18,0.1563600063063986,0.8436399936936013
29850000000000.0,1.910950565178544e+19,3.5417313167349586e+18,0.15635928941351354,0.8436407105864864
29950000000000.0,1.9237757007725023e+19,3.5655171184634665e+18,0.15635987616219713,0.8436401238378028
30050000000000.0,1.936643729796541e+19,3.5893665185923174e+18,0.15635987078802938,0.8436401292119707
30150000000000.0,1.9495546522506592e+19,3.613279517121513e+18,0.1563592850162657,0.8436407149837344
30250000000000.0,1.962508468134858e+19,3.637306992771326e+18,0.15635997552297845,0.8436400244770216
30350000000000.0,1.975505177449137e+19,3.661385347141415e+18,0.1563596258526845,0.8436403741473155
30450000000000.0,1.988544780193496e+19,3.685552739271984e+18,0.15635962219036406,0.843640377809636
30550000000000.0,2.001627276367935e+19,3.7098091691630346e+18,0.15635995777405626,0.8436400422259437
30650000000000.0,2.0147526659724538e+19,3.7341164777743606e+18,0.1563592779724214,0.8436407220275786
30750000000000.0,2.0279209490070536e+19,3.758538263506304e+18,0.15635983462498185,0.8436401653750181
30850000000000.0,2.041132125471733e+19,3.7830236476385925e+18,0.15635982965879852,0.8436401703412014
30950000000000.0,2.0543861953664926e+19,3.8075726301712236e+18,0.15635927390900378,0.8436407260909963
31050000000000.0,2.067683158691332e+19,3.8322360898244726e+18,0.15635992932777892,0.843640070672221
31150000000000.0,2.0810230154462515e+19,3.8569504281979976e+18,0.15635959753378514,0.8436404024662149
31250000000000.0,2.0944057656312517e+19,3.8817538043320023e+18,0.15635959414602052,0.8436404058539795
31350000000000.0,2.1078314092463317e+19,3.9066462182264893e+18,0.15635991290948867,0.8436400870905113
31450000000000.0,2.1212999462914925e+19,3.931589510841251e+18,0.15635926739326367,0.8436407326067363
31550000000000.0,2.1348113767667327e+19,3.956647280576631e+18,0.15635979620725188,0.8436402037927481
31650000000000.0,2.1483657006720532e+19,3.9817686487123543e+18,0.15635979160877952,0.8436402083912204
31750000000000.0,2.1619629180074537e+19,4.006953615248422e+18,0.1563592636307218,0.8436407363692783
31850000000000.0,2.1756030287729345e+19,4.0322530589051075e+18,0.1563598865696248,0.8436401134303751
31950000000000.0,2.189286032968495e+19,4.057603381282068e+18,0.15635957131537767,0.8436404286846224
32050000000000.0,2.203011930594136e+19,4.0830427414195087e+18,0.1563595681753969,0.8436404318246031
32150000000000.0,2.2167807216498573e+19,4.108571139317432e+18,0.15635987135221174,0.8436401286477883
32250000000000.0,2.230592406135658e+19,4.1341504159356293e+18,0.15635925759158517,0.8436407424084149
32350000000000.0,2.2444469840515396e+19,4.1598441696744453e+18,0.1563597606042826,0.8436402393957174
32450000000000.0,2.2583444553975013e+19,4.1856015218136054e+18,0.15635975633809718,0.8436402436619028
32550000000000.0,2.2722848201735426e+19,4.211422472353108e+18,0.15635925410093265,0.8436407458990673
32650000000000.0,2.286268078379665e+19,4.2373579000132296e+18,0.15635984691581695,0.8436401530841832
32750000000000.0,2.3002942300158665e+19,4.2633442063936266e+18,0.15635954699475169,0.8436404530052484
32850000000000.0,2.3143632750821482e+19,4.2894195505345034e+18,0.1563595440789679,0.8436404559210321
32950000000000.0,2.3284752135785107e+19,4.3155839324358625e+18,0.15635983278496476,0.8436401672150353
33050000000000.0,2.3426300455049527e+19,4.341799193057496e+18,0.1563592484930268,0.8436407515069732
33150000000000.0,2.3568277708614754e+19,4.3681289307997476e+18,0.15635972754766916,0.8436402724523309
33250000000000.0,2.371068389648078e+19,4.394522266942343e+18,0.15635972358251166,0.8436402764174883
33350000000000.0,2.38535190186476e+19,4.4209792014852833e+18,0.15635924524868564,0.8436407547513144
33450000000000.0,2.3996783075115233e+19,4.44755061314884e+18,0.15635981007295902,0.843640189927041
33550000000000.0,2.414047606588366e+19,4.474172903532673e+18,0.15635952439307294,0.843640475606927
33650000000000.0,2.428459799095289e+19,4.5008842316769864e+18,0.15635952168064046,0.8436404783193596
33750000000000.0,2.4429148850322924e+19,4.5276845975817815e+18,0.15635979692763682,0.8436402030723631
33850000000000.0,2.4574128643993756e+19,4.554535842206851e+18,0.15635924003191132,0.8436407599680887
33950000000000.0,2.471953737196539e+19,4.5815015639525396e+18,0.15635969680025316,0.8436403031997469
34050000000000.0,2.486537503423783e+19,4.60853088409857e+18,0.15635969310845552,0.8436403068915445
34150000000000.0,2.5011641630811054e+19,4.635623802644946e+18,0.15635923701124188,0.8436407629887581
34250000000000.0,2.51583371616851e+19,4.66283119831194e+18,0.1563597757815148,0.8436402242184852
34350000000000.0,2.5305461626859938e+19,4.690089472699209e+18,0.1563595033520868,0.8436404966479133
34450000000000.0,2.545301502633558e+19,4.717436784846958e+18,0.15635950082452732,0.8436404991754727
34550000000000.0,2.5600997360112017e+19,4.744873134755189e+18,0.15635976353216663,0.8436402364678334
34650000000000.0,2.5749408628189266e+19,4.772360363383694e+18,0.1563592321500546,0.8436407678499455
34750000000000.0,2.5898248830567305e+19,4.799962069132818e+18,0.15635966815185662,0.8436403318481435
34850000000000.0,2.6047517967246156e+19,4.827627373282287e+18,0.15635966470885798,0.843640335291142
34950000000000.0,2.6197216038225797e+19,4.855356275832098e+18,0.15635922933295984,0.8436407706670401
35050000000000.0,2.634734304350625e+19,4.883199655502527e+18,0.15635974381122472,0.8436402561887753
35150000000000.0,2.6497898983087497e+19,4.911093913893233e+18,0.15635948373134,0.84364051626866
35250000000000.0,2.664888385696955e+19,4.939077210044418e+18,0.1563594813722275,0.8436405186277725
35350000000000.0,2.68002976651524e+19,4.967149543956085e+18,0.15635973237824044,0.8436402676217595
35450000000000.0,2.695214040763605e+19,4.995272756588026e+18,0.15635922479576284,0.8436407752042371
35550000000000.0,2.710441208442051e+19,5.023510446340585e+18,0.15635964141568107,0.8436403585843189
35650000000000.0,2.7257112695505764e+19,5.05181173449349e+18,0.15635963819961823,0.8436403618003817
35750000000000.0,2.741024224089182e+19,5.080176621046738e+18,0.15635922216435305,0.843640777835647
35850000000000.0,2.7563800720578675e+19,5.108655984720603e+18,0.15635971395723083,0.8436402860427692
35950000000000.0,2.771778813456634e+19,5.137186227114744e+18,0.15635946540583118,0.8436405345941688
36050000000000.0,2.78722044828548e+19,5.165805507269366e+18,0.15635946320052405,0.8436405367994759
36150000000000.0,2.8027049765444063e+19,5.194513825184468e+18,0.15635970326964949,0.8436402967303505
36250000000000.0,2.8182323982334124e+19,5.223273021819847e+18,0.15635921792298263,0.8436407820770173
36350000000000.0,2.8338027133524988e+19,5.252146695575843e+18,0.15635961642525495,0.843640383574745
36450000000000.0,2.849415921901666e+19,5.281083967732182e+18,0.15635961341661422,0.8436403865833858
36550000000000.0,2.865072023880912e+19,5.310084838288865e+18,0.15635921546129086,0.843640784538709
36650000000000.0,2.880771019290239e+19,5.339200185966168e+18,0.15635968603678632,0.8436403139632137
36750000000000.0,2.8965129081296466e+19,5.368366412363745e+18,0.15635944826401468,0.8436405517359853
36850000000000.0,2.9122976903991337e+19,5.397621676521802e+18,0.1563594461994282,0.8436405538005719
36950000000000.0,2.9281253660987003e+19,5.426965978440342e+18,0.15635967603119277,0.8436403239688073
37050000000000.0,2.943995935228348e+19,5.456361159079155e+18,0.15635921149057827,0.8436407885094217
37150000000000.0,2.9599093977880752e+19,5.485870816838586e+18,0.15635959303183536,0.8436404069681647
37250000000000.0,2.9758657537778827e+19,5.515444072998363e+18,0.15635959021315646,0.8436404097868435
37350000000000.0,2.991865003197771e+19,5.545080927558482e+18,0.15635920918431764,0.8436407908156823
37450000000000.0,3.0079071460477387e+19,5.57483225923922e+18,0.15635965988645273,0.8436403401135473
37550000000000.0,3.0239921823277867e+19,5.604634469640233e+18,0.15635943220609916,0.8436405677939008
37650000000000.0,3.040120112037915e+19,5.634525717801726e+18,0.15635943027051105,0.843640569729489
37750000000000.0,3.056290935178123e+19,5.664506003723701e+18,0.15635965050603456,0.8436403494939654
37850000000000.0,3.072504651748412e+19,5.694537168365951e+18,0.1563592054617149,0.843640794538285
37950000000000.0,3.0887612617487802e+19,5.724682810128819e+18,0.15635957110219034,0.8436404288978097
38050000000000.0,3.105060765179229e+19,5.754892050292031e+18,0.15635956845781196,0.843640431542188
38150000000000.0,3.1214031620397576e+19,5.785164888855587e+18,0.1563592032980708,0.8436407967019292
38250000000000.0,3.1377884523303666e+19,5.815552204539761e+18,0.1563596353597024,0.8436403646402977
38350000000000.0,3.1542166360510554e+19,5.84599039894421e+18,0.15635941714259205,0.8436405828574081
38450000000000.0,3.1706877132018246e+19,5.876517631109139e+18,0.15635941532547562,0.8436405846745245
38550000000000.0,3.187201683782673e+19,5.90713390103455e+18,0.15635962655344218,0.8436403734465577
38650000000000.0,3.203758547793603e+19,5.937801049680237e+18,0.15635919980332993,0.84364080019667
38750000000000.0,3.220358305234613e+19,5.96858267544654e+18,0.15635955051669734,0.8436404494833027
38850000000000.0,3.2370009561057026e+19,5.999427899613188e+18,0.15635954803253957,0.8436404519674603
38950000000000.0,3.2536865004068725e+19,6.03033672218018e+18,0.15635919777078156,0.8436408022292184
39050000000000.0,3.2704149381381222e+19,6.06136002186779e+18,0.15635961232486154,0.8436403876751384
39150000000000.0,3.2871862692994523e+19,6.092434200275675e+18,0.15635940299304985,0.8436405970069502
39250000000000.0,3.3040004938908627e+19,6.12359741644404e+18,0.1563594012849306,0.8436405987150695
39350000000000.0,3.320857611912353e+19,6.154849670372889e+18,0.1563596040468415,0.8436403959531585
39450000000000.0,3.3377576233639236e+19,6.18615280302201e+18,0.15635919448567873,0.8436408055143213
39550000000000.0,3.354700528245574e+19,6.217570412791751e+18,0.15635953116770843,0.8436404688322916
39650000000000.0,3.3716863265573044e+19,6.249051620961834e+18,0.15635952883108484,0.843640471168915
39750000000000.0,3.388715018299116e+19,6.280596427532261e+18,0.15635919257384548,0.8436408074261544
39850000000000.0,3.405786603471006e+19,6.312255711223308e+18,0.15635959066333915,0.8436404093366608
39950000000000.0,3.422901082072978e+19,6.34396587363463e+18,0.15635938968500204,0.843640610314998
40050000000000.0,3.440058454105029e+19,6.37576507380643e+18,0.15635938807733402,0.8436406119226662
40150000000000.0,3.45725871956716e+19,6.407653311738713e+18,0.1563595828721415,0.8436404171278584
40250000000000.0,3.474501878459371e+19,6.43959242839127e+18,0.15635918948194294,0.8436408105180571
40350000000000.0,3.4917879307816632e+19,6.471646022164447e+18,0.15635951295814016,0.8436404870418598
40450000000000.0,3.5091168765340344e+19,6.503763214337967e+18,0.15635951075759558,0.8436404892424044
40550000000000.0,3.5264887157164863e+19,6.535944004911831e+18,0.15635918768145185,0.8436408123185482
40650000000000.0,3.543903448329019e+19,6.568239272606312e+18,0.15635957026809763,0.8436404297319023
40750000000000.0,3.561361074371631e+19,6.60058541902107e+18,0.1563593771530211,0.8436406228469789
40850000000000.0,3.578861593844323e+19,6.63302060319631e+18,0.1563593756380798,0.8436406243619202
40950000000000.0,3.596405006747095e+19,6.665544825132028e+18,0.1563595629262858,0.8436404370737141
41050000000000.0,3.6139913130799477e+19,6.698119925788021e+18,0.1563591847678918,0.8436408152321082
41150000000000.0,3.6316205128428806e+19,6.730809503564633e+18,0.15635949580025357,0.8436405041997463
41250000000000.0,3.6492926060358935e+19,6.76356267974159e+18,0.15635949372542327,0.8436405062745768
41350000000000.0,3.667007592658986e+19,6.79637945431889e+18,0.1563591830702621,0.8436408169297379
41450000000000.0,3.6847654727121592e+19,6.829310706016808e+18,0.1563595510423282,0.8436404489576719
41550000000000.0,3.702566246195412e+19,6.862292836435e+18,0.1563593653379171,0.8436406346620828
41650000000000.0,3.7204099131087454e+19,6.895364004613675e+18,0.1563593639087064,0.8436406360912936
41750000000000.0,3.738296473452159e+19,6.92852421055283e+18,0.15635954411599592,0.843640455884004
41850000000000.0,3.756225927225653e+19,6.961735295212259e+18,0.15635918032158808,0.843640819678412
41950000000000.0,3.774198274429226e+19,6.995060856992308e+18,0.15635947961459512,0.8436405203854048
42050000000000.0,3.79221351506288e+19,7.0284500171727e+18,0.15635947765608268,0.8436405223439173
42150000000000.0,3.810271649126614e+19,7.061902775753435e+18,0.15635917871913133,0.8436408212808687
42250000000000.0,3.828372676620428e+19,7.09547001145479e+18,0.15635953289829949,0.8436404671017005
42350000000000.0,3.846516597544322e+19,7.129088125876419e+18,0.15635935418603725,0.8436406458139627
42450000000000.0,3.864703411898296e+19,7.162795278058529e+18,0.15635935283620855,0.8436406471637915
42550000000000.0,3.882933119682351e+19,7.196591468001119e+18,0.15635952635667907,0.843640473643321
42650000000000.0,3.901205720896485e+19,7.230438536663985e+18,0.15635917612313252,0.8436408238768676
42750000000000.0,3.9195212155407e+19,7.264400082447471e+18,0.15635946432907516,0.8436405356709248
42850000000000.0,3.937879603614995e+19,7.298425226631298e+18,0.15635946247834598,0.843640537521654
42950000000000.0,3.956280885119369e+19,7.33251396921547e+18,0.15635917460886548,0.8436408253911345
43050000000000.0,3.974725060053824e+19,7.366717188920261e+18,0.15635951575635545,0.8436404842436445
43150000000000.0,3.99321212841836e+19,7.400971287345326e+18,0.15635934364865578,0.8436406563513443
43250000000000.0,4.011742090212975e+19,7.435314423530873e+18,0.1563593423724375,0.8436406576275625
43350000000000.0,4.0303149454376714e+19,7.469746597476899e+18,0.15635950957147526,0.8436404904285246
43450000000000.0,4.048930694092446e+19,7.504229650143201e+18,0.15635917215444078,0.8436408278455593
43550000000000.0,4.067589336177302e+19,7.538827179930121e+18,0.15635944987816408,0.8436405501218358
43650000000000.0,4.086290871692238e+19,7.573488308117385e+18,0.1563594481274522,0.8436405518725478
43750000000000.0,4.105035300637254e+19,7.608213034704992e+18,0.15635917072200903,0.8436408292779909
43850000000000.0,4.1238226230123495e+19,7.64305223841322e+18,0.15635949954403922,0.8436405004559608
43950000000000.0,4.142652838817526e+19,7.67794232084172e+18,0.15635933368144075,0.8436406663185593
44050000000000.0,4.161525948052783e+19,7.712921441030703e+18,0.15635933247357647,0.8436406675264235
44150000000000.0,4.180441950718118e+19,7.747989598980166e+18,0.15635949369042443,0.8436405063095755
44250000000000.0,4.1994008468135354e+19,7.783108635649905e+18,0.15635916839904823,0.8436408316009517
44350000000000.0,4.218402636339032e+19,7.81834214944026e+18,0.15635943620218867,0.8436405637978114
44450000000000.0,4.237447319294609e+19,7.853639261630961e+18,0.1563594345444151,0.8436405654555849
44550000000000.0,4.256534895680266e+19,7.888999972222005e+18,0.15635916704265967,0.8436408329573403
44650000000000.0,4.275665365496004e+19,7.924475159933667e+18,0.15635948419532628,0.8436405158046738
44750000000000.0,4.294838728741819e+19,7.960001226365604e+18,0.1563593242439874,0.8436406757560126
44850000000000.0,4.314054985417718e+19,7.995616330558022e+18,0.15635932309968156,0.8436406769003184
44950000000000.0,4.333314135523695e+19,8.031320472510921e+18,0.15635947864973596,0.843640521350264
45050000000000.0,4.352616179059753e+19,8.067075493184096e+18,0.15635916484193924,0.8436408351580608
45150000000000.0,4.37196111602589e+19,8.102944990977888e+18,0.15635942324671503,0.8436405767532851
45250000000000.0,4.391348946422109e+19,8.138878087172023e+18,0.15635942167541614,0.843640578324584
45350000000000.0,4.410779670248406e+19,8.174874781766503e+18,0.1563591635563051,0.8436408364436949
45450000000000.0,4.4302532875047846e+19,8.210985953481601e+18,0.15635946964995137,0.8436405303500485
45550000000000.0,4.449769798191243e+19,8.247148003916974e+18,0.15635931529940725,0.8436406847005928
45650000000000.0,4.469329202307781e+19,8.28339909211283e+18,0.1563593142142778,0.8436406857857223
45750000000000.0,4.488931499854399e+19,8.319739218069164e+18,0.15635946439114756,0.8436405356088525
45850000000000.0,4.508576690831099e+19,8.356130222745774e+18,0.15635916146939635,0.8436408385306037
45950000000000.0,4.528264775237876e+19,8.392635704543005e+18,0.15635941096200623,0.8436405890379938
46050000000000.0,4.5479957530747355e+19,8.429204784740576e+18,0.15635940947127078,0.8436405905287293
46150000000000.0,4.567769624341674e+19,8.465837463338492e+18,0.15635916024968,0.84364083975032
46250000000000.0,4.587586389038694e+19,8.502584619057026e+18,0.15635945585281588,0.843640544147184
46350000000000.0,4.607446047165793e+19,8.539382653495835e+18,0.156359306813968,0.843640693186032
46450000000000.0,4.627348598722973e+19,8.576269725695128e+18,0.1563593057840038,0.8436406942159961
46550000000000.0,4.647294043710232e+19,8.613245835654898e+18,0.15635945086135986,0.8436405491386402
46650000000000.0,4.667282382127571e+19,8.650272824334943e+18,0.15635915826886848,0.8436408417311315
46750000000000.0,4.687313613974992e+19,8.687414290135607e+18,0.15635939930254408,0.843640600697456
46850000000000.0,4.707387739252491e+19,8.724619354336616e+18,0.15635939788695735,0.8436406021130427
46950000000000.0,4.7275047579600716e+19,8.76188801693797e+18,0.15635915711063933,0.8436408428893607
47050000000000.0,4.747664670097732e+19,8.799271156659941e+18,0.15635944275346514,0.8436405572465348
47150000000000.0,4.767867475665473e+19,8.836705175102184e+18,0.15635929875677426,0.8436407012432257
47250000000000.0,4.7881131746632925e+19,8.874228231304911e+18,0.15635929777829857,0.8436407022217014
47350000000000.0,4.8084017670911934e+19,8.911840325268118e+18,0.15635943801153765,0.8436405619884623
47450000000000.0,4.828733252949173e+19,8.9495032979516e+18,0.15635915522885324,0.8436408447711469
47550000000000.0,4.849107632237235e+19,8.9872807477557e+18,0.1563593882266071,0.8436406117733929
47650000000000.0,4.869524904955375e+19,9.025121795960146e+18,0.15635938688120177,0.8436406131187982
47750000000000.0,4.889985071103597e+19,9.063026442564933e+18,0.1563591541280469,0.8436408458719531
47850000000000.0,4.910488130681898e+19,9.101045566290339e+18,0.15635943030562668,0.8436405696943733
47950000000000.0,4.931034083690279e+19,9.13911556873602e+18,0.15635929109948643,0.8436407089005136
48050000000000.0,4.95162293012874e+19,9.177274608942182e+18,0.15635929016912364,0.8436407098308762
48150000000000.0,4.972254669997282e+19,9.215522686908827e+18,0.15635942579686882,0.8436405742031312
48250000000000.0,4.992929303295904e+19,9.253821643595743e+18,0.15635915233879397,0.8436408476612061
48350000000000.0,5.013646830024606e+19,9.292235077403281e+18,0.15635937769589664,0.8436406223041034
48450000000000.0,5.0344072501833875e+19,9.330712109611162e+18,0.15635937641610897,0.843640623583891
48550000000000.0,5.05521056377225e+19,9.369252740219384e+18,0.15635915129167655,0.8436408487083236
48650000000000.0,5.076056770791193e+19,9.40790784794823e+18,0.15635941846680107,0.8436405815331989
48750000000000.0,5.096945871240215e+19,9.446613834397346e+18,0.1563592838160708,0.8436407161839292
48850000000000.0,5.117877865119317e+19,9.485408858606942e+18,0.15635928293071763,0.8436407170692823
48950000000000.0,5.138852752428499e+19,9.524292920577022e+18,0.15635941417617275,0.8436405858238273
49050000000000.0,5.159870533167763e+19,9.563227861267378e+18,0.15635914958898797,0.843640850411012
49150000000000.0,5.180931207337106e+19,9.60227727907835e+18,0.15635936767520514,0.8436406323247948
49250000000000.0,5.2020347749365285e+19,9.641390295289666e+18,0.15635936645683657,0.8436406335431634
49350000000000.0,5.223181235966031e+19,9.680566909901328e+18,0.15635914859212408,0.843640851407876
49450000000000.0,5.244370590425614e+19,9.719858001633606e+18,0.1563594071978986,0.8436405928021014
49550000000000.0,5.265602838315278e+19,9.75919997208616e+18,0.1563592768825783,0.8436407231174217
49650000000000.0,5.286877979635022e+19,9.798630980299192e+18,0.1563592760393776,0.8436407239606224
49750000000000.0,5.308196014384845e+19,9.838151026272709e+18,0.1563594031115531,0.843640596888447
49850000000000.0,5.3295569425647485e+19,9.8777219509665e+18,0.15635914697050465,0.8436408530294954
49950000000000.0,5.3509607641747325e+19,9.917407352780909e+18,0.15635935813212196,0.8436406418678781
