omega_rad_s,DOS_Cu_LA,DOS_Cu_TA1,DOS_Cu_TA2,DOS_TiN_LA,DOS_TiN_TA1,DOS_TiN_TA2
50000000000.0,1219878827.9371836,10409425458.4468,10409425458.4468,444756910.3641713,1948777085.8330932,1948777085.8330932
150000000000.0,10978909451.434652,93684829126.02121,93684829126.02121,4002812193.277542,17538993772.49784,17538993772.49784
250000000000.0,30496970698.429592,260235636461.17,260235636461.17,11118922759.104284,48719427145.82733,48719427145.82733
350000000000.0,59774062568.922005,510061847463.89325,510061847463.89325,21793088607.844395,95490077205.82156,95490077205.82156
450000000000.0,98810185062.91188,843163462134.1909,843163462134.1909,36025309739.49788,157850943952.48056,157850943952.48056
550000000000.0,147605338180.39923,1259540480472.063,1259540480472.063,53815586154.06473,235802027385.80426,235802027385.80426
650000000000.0,206159521921.38406,1759192902477.5095,1759192902477.5095,75163917851.54495,329343327505.7927,329343327505.7927
750000000000.0,274472736285.86633,2342120728150.5303,2342120728150.5303,100070304831.93855,438474844312.446,438474844312.446
850000000000.0,352544981273.84607,3008323957491.1255,3008323957491.1255,128534747095.24551,563196577805.7639,563196577805.7639
950000000000.0,440376256885.3233,3757802590499.2954,3757802590499.2954,160557244641.46585,703508527985.7466,703508527985.7466
1050000000000.0,537966563120.29803,4590556627175.039,4590556627175.039,196137797470.59955,859410694852.394,859410694852.394
1150000000000.0,645315899978.7701,5506586067518.357,5506586067518.357,235276405582.64664,1030903078405.7063,1030903078405.7063
1250000000000.0,762424267460.7399,6505890911529.251,6505890911529.251,277973068977.60706,1217985678645.6833,1217985678645.6833
1350000000000.0,889291665566.2069,7588471159207.718,7588471159207.718,324227787655.4809,1420658495572.325,1420658495572.325
1450000000000.0,1025918094295.1714,8754326810553.759,8754326810553.759,374040561616.2681,1638921529185.6316,1638921529185.6316
1550000000000.0,1172303553647.6335,10003457865567.377,10003457865567.377,427411390859.9686,1872774779485.6025,1872774779485.6025
1650000000000.0,1328448043623.5933,11335864324248.566,11335864324248.566,484340275386.5826,2122218246472.2385,2122218246472.2385
1750000000000.0,1494351564223.05,12751546186597.332,12751546186597.332,544827215196.1099,2387251930145.5396,2387251930145.5396
1850000000000.0,1670014115446.0044,14250503452613.67,14250503452613.67,608872210288.5505,2667875830505.505,2667875830505.505
1950000000000.0,1855435697292.4563,15832736122297.584,15832736122297.584,676475260663.9045,2964089947552.135,2964089947552.135
2050000000000.0,2050616309762.4058,17498244195649.072,17498244195649.072,747636366322.172,3275894281285.4297,3275894281285.4297
2150000000000.0,2255555952855.8525,19247027672668.137,19247027672668.137,822355527263.3528,3603288831705.389,3603288831705.389
2250000000000.0,2470254626572.797,21079086553354.773,21079086553354.773,900632743487.447,3946273598812.014,3946273598812.014
2350000000000.0,2694712330913.239,22994420837708.984,22994420837708.984,982468014994.4546,4304848582605.303,4304848582605.303
2450000000000.0,2928929065877.178,24993030525730.77,24993030525730.77,1067861341784.3755,4679013783085.257,4679013783085.257
2550000000000.0,3172904831464.6147,27074915617420.13,27074915617420.13,1156812723857.2097,5068769200251.876,5068769200251.876
2650000000000.0,3426639627675.549,29240076112777.062,29240076112777.062,1249322161212.9573,5474114834105.159,5474114834105.159
2750000000000.0,3690133454509.9805,31488512011801.57,31488512011801.57,1345389653851.6184,5895050684645.107,5895050684645.107
2850000000000.0,3963386311967.9097,33820223314493.656,33820223314493.656,1445015201773.1929,6331576751871.721,6331576751871.721
2950000000000.0,4246398200049.3364,36235210020853.31,36235210020853.31,1548198804977.6804,6783693035784.997,6783693035784.997
3050000000000.0,4539169118754.261,38733472130880.55,38733472130880.55,1654940463465.0815,7251399536384.94,7251399536384.94
3150000000000.0,4841699068082.683,41315009644575.35,41315009644575.35,1765240177235.396,7734696253671.548,7734696253671.548
3250000000000.0,5153988048034.602,43979822561937.734,43979822561937.734,1879097946288.624,8233583187644.819,8233583187644.819
3350000000000.0,5476036058610.018,46727910882967.69,46727910882967.69,1996513770624.7651,8748060338304.756,8748060338304.756
3450000000000.0,5807843099808.932,49559274607665.23,49559274607665.23,2117487650243.8198,9278127705651.357,9278127705651.357
3550000000000.0,6149409171631.343,52473913736030.32,52473913736030.32,2242019585145.788,9823785289684.623,9823785289684.623
3650000000000.0,6500734274077.252,55471828268063.0,55471828268063.0,2370109575330.669,10385033090404.555,10385033090404.555
3750000000000.0,6861818407146.658,58553018203763.25,58553018203763.25,2501757620798.464,10961871107811.15,10961871107811.15
3850000000000.0,7232661570839.562,61717483543131.08,61717483543131.08,2636963721549.172,11554299341904.41,11554299341904.41
3950000000000.0,7613263765155.964,64965224286166.484,64965224286166.484,2775727877582.7935,12162317792684.334,12162317792684.334
4050000000000.0,8003624990095.862,68296240432869.46,68296240432869.46,2918050088899.3286,12785926460150.926,12785926460150.926
4150000000000.0,8403745245659.258,71710531983240.02,71710531983240.02,3063930355498.7764,13425125344304.18,13425125344304.18
4250000000000.0,8813624531846.152,75208098937278.14,75208098937278.14,3213368677381.138,14079914445144.1,14079914445144.1
4350000000000.0,9233262848656.543,78788941294983.83,78788941294983.83,3366365054546.413,14750293762670.684,14750293762670.684
4450000000000.0,9662660196090.432,82453059056357.11,82453059056357.11,3522919486994.601,15436263296883.932,15436263296883.932
4550000000000.0,10101816574147.818,86200452221397.95,86200452221397.95,3683031974725.7026,16137823047783.846,16137823047783.846
4650000000000.0,10550731982828.701,90031120790106.38,90031120790106.38,3846702517739.718,16854973015370.424,16854973015370.424
4750000000000.0,11009406422133.084,93945064762482.39,93945064762482.39,4013931116036.6465,17587713199643.666,17587713199643.666
4850000000000.0,11477839892060.96,97942284138525.94,97942284138525.94,4184717769616.4883,18336043600603.574,18336043600603.574
4950000000000.0,11956032392612.338,102022778918237.11,102022778918237.11,4359062478479.243,19099964218250.15,19099964218250.15
5050000000000.0,12443983923787.21,106186549101615.81,106186549101615.81,4536965242624.912,19879475052583.383,19879475052583.383
5150000000000.0,12941694485585.582,110433594688662.11,110433594688662.11,4718426062053.493,20674576103603.285,20674576103603.285
5250000000000.0,13449164078007.451,114763915679375.98,114763915679375.98,4903444936764.989,21485267371309.855,21485267371309.855
5350000000000.0,13966392701052.814,119177512073757.42,119177512073757.42,5092021866759.397,22311548855703.086,22311548855703.086
5450000000000.0,14493380354721.68,123674383871806.45,123674383871806.45,5284156852036.72,23153420556782.98,23153420556782.98
5550000000000.0,15030127039014.04,128254531073523.03,128254531073523.03,5479849892596.955,24010882474549.54,24010882474549.54
5650000000000.0,15576632753929.898,132917953678907.2,132917953678907.2,5679100988440.104,24883934609002.766,24883934609002.766
5750000000000.0,16132897499469.256,137664651687958.95,137664651687958.95,5881910139566.166,25772576960142.656,25772576960142.656
5850000000000.0,16698921275632.107,142494625100678.25,142494625100678.25,6088277345975.142,26676809527969.21,26676809527969.21
5950000000000.0,17274704082418.459,147407873917065.16,147407873917065.16,6298202607667.031,27596632312482.438,27596632312482.438
6050000000000.0,17860245919828.305,152404398137119.62,152404398137119.62,6511685924641.832,28532045313682.316,28532045313682.316
6150000000000.0,18455546787861.652,157484197760841.66,157484197760841.66,6728727296899.549,29483048531568.867,29483048531568.867
6250000000000.0,19060606686518.496,162647272788231.25,162647272788231.25,6949326724440.178,30449641966142.082,30449641966142.082
6350000000000.0,19675425615798.836,167893623219288.44,167893623219288.44,7173484207263.72,31431825617401.96,31431825617401.96
6450000000000.0,20300003575702.676,173223249054013.22,173223249054013.22,7401199745370.175,32429599485348.504,32429599485348.504
6550000000000.0,20934340566230.01,178636150292405.56,178636150292405.56,7632473338759.545,33442963569981.715,33442963569981.715
6650000000000.0,21578436587380.844,184132326934465.47,184132326934465.47,7867304987431.827,34471917871301.586,34471917871301.586
6750000000000.0,22232291639155.17,189711778980192.94,189711778980192.94,8105694691387.022,35516462389308.125,35516462389308.125
6850000000000.0,22895905721553.0,195374506429588.0,195374506429588.0,8347642450625.133,36576597124001.33,36576597124001.33
6950000000000.0,23569278834574.33,201120509282650.66,201120509282650.66,8593148265146.154,37652322075381.195,37652322075381.195
7050000000000.0,24252410978219.152,206949787539380.88,206949787539380.88,8842212134950.09,38743637243447.73,38743637243447.73
7150000000000.0,24945302152487.47,212862341199778.62,212862341199778.62,9094834060036.94,39850542628200.92,39850542628200.92
7250000000000.0,25647952357379.285,218858170263843.97,218858170263843.97,9351014040406.701,40973038229640.78,40973038229640.78
7350000000000.0,26360361592894.6,224937274731576.9,224937274731576.9,9610752076059.379,42111124047767.31,42111124047767.31
7450000000000.0,27082529859033.418,231099654602977.44,231099654602977.44,9874048166994.967,43264800082580.5,43264800082580.5
7550000000000.0,27814457155795.727,237345309878045.53,237345309878045.53,10140902313213.47,44434066334080.36,44434066334080.36
7650000000000.0,28556143483181.535,243674240556781.2,243674240556781.2,10411314514714.887,45618922802266.88,45618922802266.88
7750000000000.0,29307588841190.836,250086446639184.38,250086446639184.38,10685284771499.217,46819369487140.07,46819369487140.07
7850000000000.0,30068793229823.64,256581928125255.22,256581928125255.22,10962813083566.459,48035406388699.914,48035406388699.914
7950000000000.0,30839756649079.94,263160685014993.6,263160685014993.6,11243899450916.615,49267033506946.42,49267033506946.42
8050000000000.0,31620479098959.74,269822717308399.5,269822717308399.5,11528543873549.686,50514250841879.61,50514250841879.61
8150000000000.0,32410960579463.035,276568025005473.06,276568025005473.06,11816746351465.668,51777058393499.46,51777058393499.46
8250000000000.0,33211201090589.83,283396608106214.2,283396608106214.2,12108506884664.566,53055456161805.97,53055456161805.97
8350000000000.0,34021200632340.117,290308466610622.9,290308466610622.9,12403825473146.375,54349444146799.13,54349444146799.13
8450000000000.0,34840959204713.902,297303600518699.06,297303600518699.06,12702702116911.098,55659022348478.97,55659022348478.97
8550000000000.0,35670476807711.19,304382009830442.9,304382009830442.9,13005136815958.732,56984190766845.48,56984190766845.48
8650000000000.0,36509753441331.97,311543694545854.3,311543694545854.3,13311129570289.283,58324949401898.64,58324949401898.64
8750000000000.0,37358789105576.25,318788654664933.3,318788654664933.3,13620680379902.748,59681298253638.484,59681298253638.484
8850000000000.0,38217583800444.03,326116890187679.8,326116890187679.8,13933789244799.123,61053237322064.98,61053237322064.98
8950000000000.0,39086137525935.305,333528401114093.94,333528401114093.94,14250456164978.412,62440766607178.13,62440766607178.13
9050000000000.0,39964450282050.07,341023187444175.6,341023187444175.6,14570681140440.617,63843886108977.96,63843886108977.96
9150000000000.0,40852522068788.34,348601249177924.94,348601249177924.94,14894464171185.734,65262595827464.46,65262595827464.46
9250000000000.0,41750352886150.11,356262586315341.75,356262586315341.75,15221805257213.764,66696895762637.61,66696895762637.61
9350000000000.0,42657942734135.375,364007198856426.1,364007198856426.1,15552704398524.709,68146785914497.44,68146785914497.44
9450000000000.0,43575291612744.14,371835086801178.2,371835086801178.2,15887161595118.564,69612266283043.93,69612266283043.93
9550000000000.0,44502399521976.4,379746250149597.75,379746250149597.75,16225176846995.334,71093336868277.08,71093336868277.08
9650000000000.0,45439266461832.16,387740688901684.94,387740688901684.94,16566750154155.02,72589997670196.89,72589997670196.89
9750000000000.0,46385892432311.41,395818403057439.56,395818403057439.56,16911881516597.615,74102248688803.38,74102248688803.38
9850000000000.0,47342277433414.164,403979392616861.94,403979392616861.94,17260570934323.125,75630089924096.52,75630089924096.52
9950000000000.0,48308421465140.414,412223657579951.75,412223657579951.75,17612818407331.55,77173521376076.33,77173521376076.33
10050000000000.0,49284324527490.16,420551197946709.2,420551197946709.2,17968623935622.887,78732543044742.81,78732543044742.81
10150000000000.0,50269986620463.41,428962013717134.25,428962013717134.25,18327987519197.137,80307154930095.94,80307154930095.94
10250000000000.0,51265407744060.14,437456104891226.75,437456104891226.75,18690909158054.3,81897357032135.75,81897357032135.75
10350000000000.0,52270587898280.38,446033471468986.94,446033471468986.94,19057388852194.38,83503149350862.22,83503149350862.22
10450000000000.0,53285527083124.125,454694113450414.75,454694113450414.75,19427426601617.367,85124531886275.34,85124531886275.34
10550000000000.0,54310225298591.35,463438030835510.0,463438030835510.0,19801022406323.273,86761504638375.14,86761504638375.14
10650000000000.0,55344682544682.086,472265223624272.94,472265223624272.94,20178176266312.09,88414067607161.61,88414067607161.61
10750000000000.0,56388898821396.31,481175691816703.4,481175691816703.4,20558888181583.82,90082220792634.73,90082220792634.73
10850000000000.0,57442874128734.05,490169435412801.44,490169435412801.44,20943158152138.465,91765964194794.53,91765964194794.53
10950000000000.0,58506608466695.266,499246454412567.06,499246454412567.06,21330986177976.023,93465297813640.98,93465297813640.98
11050000000000.0,59580101835279.984,508406748816000.2,508406748816000.2,21722372259096.496,95180221649174.11,95180221649174.11
11150000000000.0,60663354234488.21,517650318623101.0,517650318623101.0,22117316395499.875,96910735701393.89,96910735701393.89
11250000000000.0,61756365664319.93,526977163833869.3,526977163833869.3,22515818587186.176,98656839970300.34,98656839970300.34
11350000000000.0,62859136124775.14,536387284448305.2,536387284448305.2,22917878834155.383,100418534455893.45,100418534455893.45
11450000000000.0,63971665615853.85,545880680466408.7,545880680466408.7,23323497136407.508,102195819158173.25,102195819158173.25
11550000000000.0,65093954137556.06,555457351888179.75,555457351888179.75,23732673493942.547,103988694077139.69,103988694077139.69
11650000000000.0,66226001689881.766,565117298713618.4,565117298713618.4,24145407906760.496,105797159212792.8,105797159212792.8
11750000000000.0,67367808272830.97,574860520942724.6,574860520942724.6,24561700374861.363,107621214565132.58,107621214565132.58
11850000000000.0,68519373886403.67,584687018575498.4,584687018575498.4,24981550898245.137,109460860134159.02,109460860134159.02
11950000000000.0,69680698530599.87,594596791611939.6,594596791611939.6,25404959476911.832,111316095919872.12,111316095919872.12
12050000000000.0,70851782205419.56,604589840052048.6,604589840052048.6,25831926110861.438,113186921922271.89,113186921922271.89
12150000000000.0,72032624910862.75,614666163895825.1,614666163895825.1,26262450800093.953,115073338141358.33,115073338141358.33
12250000000000.0,73223226646929.45,624825763143269.2,624825763143269.2,26696533544609.387,116975344577131.42,116975344577131.42
12350000000000.0,74423587413619.64,635068637794380.9,635068637794380.9,27134174344407.73,118892941229591.19,118892941229591.19
12450000000000.0,75633707210933.33,645394787849160.1,645394787849160.1,27575373199488.984,120826128098737.61,120826128098737.61
12550000000000.0,76853586038870.5,655804213307606.9,655804213307606.9,28020130109853.156,122774905184570.7,122774905184570.7
12650000000000.0,78083223897431.19,666296914169721.2,666296914169721.2,28468445075500.242,124739272487090.45,124739272487090.45
12750000000000.0,79322620786615.38,676872890435503.2,676872890435503.2,28920318096430.242,126719230006296.89,126719230006296.89
12850000000000.0,80571776706423.05,687532142104952.8,687532142104952.8,29375749172643.152,128714777742189.97,128714777742189.97
12950000000000.0,81830691656854.22,698274669178069.9,698274669178069.9,29834738304138.977,130725915694769.72,130725915694769.72
13050000000000.0,83099365637908.89,709100471654854.6,709100471654854.6,30297285490917.715,132752643864036.14,132752643864036.14
13150000000000.0,84377798649587.06,720009549535306.8,720009549535306.8,30763390732979.367,134794962249989.22,134794962249989.22
13250000000000.0,85665990691888.73,731001902819426.6,731001902819426.6,31233054030323.934,136852870852628.97,136852870852628.97
13350000000000.0,86963941764813.88,742077531507213.9,742077531507213.9,31706275382951.41,138926369671955.39,138926369671955.39
13450000000000.0,88271651868362.55,753236435598669.0,753236435598669.0,32183054790861.8,141015458707968.47,141015458707968.47
13550000000000.0,89589121002534.7,764478615093791.5,764478615093791.5,32663392254055.11,143120137960668.22,143120137960668.22
13650000000000.0,90916349167330.36,775804069992581.5,775804069992581.5,33147287772531.33,145240407430054.62,145240407430054.62
13750000000000.0,92253336362749.52,787212800295039.4,787212800295039.4,33634741346290.457,147376267116127.66,147376267116127.66
13850000000000.0,93600082588792.17,798704806001164.6,798704806001164.6,34125752975332.504,149527717018887.4,149527717018887.4
13950000000000.0,94956587845458.33,810280087110957.5,810280087110957.5,34620322659657.46,151694757138333.8,151694757138333.8
14050000000000.0,96322852132747.97,821938643624417.9,821938643624417.9,35118450399265.332,153877387474466.88,153877387474466.88
14150000000000.0,97698875450661.11,833680475541545.9,833680475541545.9,35620136194156.12,156075608027286.6,156075608027286.6
14250000000000.0,99084657799197.75,845505582862341.5,845505582862341.5,36125380044329.81,158289418796793.0,158289418796793.0
14350000000000.0,100480199178357.88,857413965586804.5,857413965586804.5,36634181949786.43,160518819782986.06,160518819782986.06
14450000000000.0,101885499588141.52,869405623714935.2,869405623714935.2,37146541910525.95,162763810985865.78,162763810985865.78
14550000000000.0,103300559028548.66,881480557246733.6,881480557246733.6,37662459926548.4,165024392405432.2,165024392405432.2
14650000000000.0,104725377499579.28,893638766182199.4,893638766182199.4,38181935997853.75,167300564041685.22,167300564041685.22
14750000000000.0,106159955001233.4,905880250521332.8,905880250521332.8,38704970124442.016,169592325894624.94,169592325894624.94
14850000000000.0,107604291533511.03,918205010264133.9,918205010264133.9,39231562306313.19,171899677964251.3,171899677964251.3
14950000000000.0,109058387096412.17,930613045410602.5,930613045410602.5,39761712543467.28,174222620250564.34,174222620250564.34
15050000000000.0,110522241689936.78,943104355960738.6,943104355960738.6,40295420835904.29,176561152753564.1,176561152753564.1
15150000000000.0,111995855314084.89,955678941914542.2,955678941914542.2,40832687183624.21,178915275473250.47,178915275473250.47
15250000000000.0,113479227968856.52,968336803272013.6,968336803272013.6,41373511586627.04,181284988409623.5,181284988409623.5
15350000000000.0,114972359654251.62,981077940033152.5,981077940033152.5,41917894044912.78,183670291562683.2,183670291562683.2
15450000000000.0,116475250370270.23,993902352197959.0,993902352197959.0,42465834558481.445,186071184932429.56,186071184932429.56
15550000000000.0,117987900116912.34,1006810039766433.0,1006810039766433.0,43017333127333.016,188487668518862.62,188487668518862.62
15650000000000.0,119510308894177.95,1019801002738574.8,1019801002738574.8,43572389751467.51,190919742321982.3,190919742321982.3
15750000000000.0,121042476702067.05,1032875241114383.8,1032875241114383.8,44131004430884.91,193367406341788.7,193367406341788.7
15850000000000.0,122584403540579.66,1046032754893860.6,1046032754893860.6,44693177165585.21,195830660578281.72,195830660578281.72
15950000000000.0,124136089409715.75,1059273544077004.9,1059273544077004.9,45258907955568.44,198309505031461.38,198309505031461.38
16050000000000.0,125697534309475.34,1072597608663816.9,1072597608663816.9,45828196800834.58,200803939701327.75,200803939701327.75
16150000000000.0,127268738239858.44,1086004948654296.2,1086004948654296.2,46401043701383.63,203313964587880.78,203313964587880.78
16250000000000.0,128849701200865.03,1099495564048443.4,1099495564048443.4,46977448657215.6,205839579691120.47,205839579691120.47
16350000000000.0,130440423192495.11,1113069454846257.9,1113069454846257.9,47557411668330.48,208380785011046.8,208380785011046.8
16450000000000.0,132040904214748.7,1126726621047740.2,1126726621047740.2,48140932734728.27,210937580547659.88,210937580547659.88
16550000000000.0,133651144267625.78,1140467062652890.0,1140467062652890.0,48728011856408.98,213509966300959.53,213509966300959.53
16650000000000.0,135271143351126.36,1154290779661707.2,1154290779661707.2,49318649033372.59,216097942270945.88,216097942270945.88
16750000000000.0,136900901465250.44,1168197772074192.2,1168197772074192.2,49912844265619.13,218701508457618.9,218701508457618.9
16850000000000.0,138540418609998.02,1182188039890344.8,1182188039890344.8,50510597553148.58,221320664860978.56,221320664860978.56
16950000000000.0,140189694785369.1,1196261583110164.8,1196261583110164.8,51111908895960.93,223955411481024.9,223955411481024.9
17050000000000.0,141848729991363.66,1210418401733652.5,1210418401733652.5,51716778294056.21,226605748317757.9,226605748317757.9
17150000000000.0,143517524227981.72,1224658495760807.8,1224658495760807.8,52325205747434.4,229271675371177.6,229271675371177.6
17250000000000.0,145196077495223.28,1238981865191630.5,1238981865191630.5,52937191256095.5,231953192641283.94,231953192641283.94
17350000000000.0,146884389793088.34,1253388510026120.8,1253388510026120.8,53552734820039.51,234650300128076.94,234650300128076.94
17450000000000.0,148582461121576.9,1267878430264278.8,1267878430264278.8,54171836439266.44,237362997831556.6,237362997831556.6
17550000000000.0,150290291480688.97,1282451625906104.5,1282451625906104.5,54794496113776.266,240091285751722.9,240091285751722.9
17650000000000.0,152007880870424.53,1297108096951597.5,1297108096951597.5,55420713843569.02,242835163888575.9,242835163888575.9
17750000000000.0,153735229290783.56,1311847843400758.0,1311847843400758.0,56050489628644.695,245594632242115.56,245594632242115.56
17850000000000.0,155472336741766.12,1326670865253586.2,1326670865253586.2,56683823469003.27,248369690812341.9,248369690812341.9
17950000000000.0,157219203223372.2,1341577162510082.2,1341577162510082.2,57320715364644.766,251160339599254.88,251160339599254.88
18050000000000.0,158975828735601.72,1356566735170245.5,1356566735170245.5,57961165315569.17,253966578602854.56,253966578602854.56
18150000000000.0,160742213278454.75,1371639583234076.5,1371639583234076.5,58605173321776.49,256788407823140.84,256788407823140.84
18250000000000.0,162518356851931.3,1386795706701575.2,1386795706701575.2,59252739383266.73,259625827260113.84,259625827260113.84
18350000000000.0,164304259456031.3,1402035105572741.0,1402035105572741.0,59903863500039.87,262478836913773.47,262478836913773.47
18450000000000.0,166099921090754.88,1417357779847574.8,1417357779847574.8,60558545672095.94,265347436784119.84,265347436784119.84
18550000000000.0,167905341756101.9,1432763729526076.2,1432763729526076.2,61216785899434.91,268231626871152.78,268231626871152.78
18650000000000.0,169720521452072.4,1448252954608245.0,1448252954608245.0,61878584182056.8,271131407174872.44,271131407174872.44
18750000000000.0,171545460178666.44,1463825455094081.2,1463825455094081.2,62543940519961.59,274046777695278.72,274046777695278.72
18850000000000.0,173380157935884.0,1479481230983585.5,1479481230983585.5,63212854913149.305,276977738432371.7,276977738432371.7
18950000000000.0,175224614723725.0,1495220282276756.8,1495220282276756.8,63885327361619.93,279924289386151.3,279924289386151.3
19050000000000.0,177078830542189.5,1511042608973596.0,1511042608973596.0,64561357865373.48,282886430556617.6,282886430556617.6
19150000000000.0,178942805391277.53,1526948211074102.8,1526948211074102.8,65240946424409.92,285864161943770.6,285864161943770.6
19250000000000.0,180816539270989.06,1542937088578277.2,1542937088578277.2,65924093038729.3,288857483547610.25,288857483547610.25
19350000000000.0,182700032181324.1,1559009241486119.0,1559009241486119.0,66610797708331.58,291866395368136.56,291866395368136.56
19450000000000.0,184593284122282.56,1575164669797628.2,1575164669797628.2,67301060433216.766,294890897405349.5,294890897405349.5
19550000000000.0,186496295093864.6,1591403373512805.5,1591403373512805.5,67994881213384.88,297930989659249.1,297930989659249.1
19650000000000.0,188409065096070.1,1607725352631650.0,1607725352631650.0,68692260048835.9,300986672129835.44,300986672129835.44
19750000000000.0,190331594128899.1,1624130607154162.0,1624130607154162.0,69393196939569.836,304057944817108.4,304057944817108.4
19850000000000.0,192263882192351.6,1640619137080342.0,1640619137080342.0,70097691885586.69,307144807721068.0,307144807721068.0
19950000000000.0,194205929286427.6,1657190942410189.2,1657190942410189.2,70805744886886.44,310247260841714.3,310247260841714.3
20050000000000.0,196157735411127.06,1673846023143704.0,1673846023143704.0,71517355943469.11,313365304179047.25,313365304179047.25
20150000000000.0,198119300566450.06,1690584379280886.5,1690584379280886.5,72232525055334.7,316498937733066.9,316498937733066.9
20250000000000.0,200090624752396.56,1707406010821736.5,1707406010821736.5,72951252222483.2,319648161503773.1,319648161503773.1
20350000000000.0,202071707968966.56,1724310917766254.2,1724310917766254.2,73673537444914.62,322812975491166.06,322812975491166.06
20450000000000.0,204062550216160.0,1741299100114439.2,1741299100114439.2,74399380722628.94,325993379695245.7,325993379695245.7
20550000000000.0,206063151493977.0,1758370557866292.0,1758370557866292.0,75128782055626.19,329189374116011.94,329189374116011.94
20650000000000.0,208073511802417.5,1775525291021812.5,1775525291021812.5,75861741443906.34,332400958753464.9,332400958753464.9
20750000000000.0,210093631141481.47,1792763299581000.5,1792763299581000.5,76598258887469.4,335628133607604.44,335628133607604.44
20850000000000.0,212123509511168.94,1810084583543855.8,1810084583543855.8,77338334386315.39,338870898678430.75,338870898678430.75
20950000000000.0,214163146911479.9,1827489142910378.8,1827489142910378.8,78081967940444.28,342129253965943.7,342129253965943.7
21050000000000.0,216212543342414.38,1844976977680569.5,1844976977680569.5,78829159549856.1,345403199470143.25,345403199470143.25
21150000000000.0,218271698803972.34,1862548087854427.5,1862548087854427.5,79579909214550.81,348692735191029.56,348692735191029.56
21250000000000.0,220340613296153.8,1880202473431953.5,1880202473431953.5,80334216934528.44,351997861128602.44,351997861128602.44
21350000000000.0,222419286818958.75,1897940134413146.8,1897940134413146.8,81092082709789.0,355318577282862.06,355318577282862.06
21450000000000.0,224507719372387.22,1915761070798007.5,1915761070798007.5,81853506540332.45,358654883653808.3,358654883653808.3
21550000000000.0,226605910956439.2,1933665282586536.2,1933665282586536.2,82618488426158.83,362006780241441.25,362006780241441.25
21650000000000.0,228713861571114.66,1951652769778732.2,1951652769778732.2,83387028367268.12,365374267045760.8,365374267045760.8
21750000000000.0,230831571216413.6,1969723532374596.0,1969723532374596.0,84159126363660.33,368757344066767.06,368757344066767.06
21850000000000.0,232959039892336.03,1987877570374127.0,1987877570374127.0,84934782415335.44,372156011304460.0,372156011304460.0
21950000000000.0,235096267598881.97,2006114883777326.0,2006114883777326.0,85713996522293.47,375570268758839.56,375570268758839.56
22050000000000.0,237243254336051.4,2024435472584192.2,2024435472584192.2,86496768684534.4,379000116429905.8,379000116429905.8
22150000000000.0,239400000103844.38,2042839336794726.2,2042839336794726.2,87283098902058.27,382445554317658.7,382445554317658.7
22250000000000.0,241566504902260.8,2061326476408927.8,2061326476408927.8,88072987174865.02,385906582422098.25,385906582422098.25
22350000000000.0,243742768731300.75,2079896891426797.0,2079896891426797.0,88866433502954.72,389383200743224.56,389383200743224.56
22450000000000.0,245928791590964.16,2098550581848333.5,2098550581848333.5,89663437886327.3,392875409281037.44,392875409281037.44
22550000000000.0,248124573481251.1,2117287547673537.8,2117287547673537.8,90464000324982.83,396383208035537.0,396383208035537.0
22650000000000.0,250330114402161.53,2136107788902409.5,2136107788902409.5,91268120818921.23,399906597006723.2,399906597006723.2
22750000000000.0,252545414353695.47,2155011305534949.0,2155011305534949.0,92075799368142.58,403445576194596.1,403445576194596.1
22850000000000.0,254770473335852.88,2173998097571156.0,2173998097571156.0,92887035972646.83,407000145599155.7,407000145599155.7
22950000000000.0,257005291348633.8,2193068165011030.5,2193068165011030.5,93701830632433.98,410570305220401.94,410570305220401.94
23050000000000.0,259249868392038.22,2212221507854572.5,2212221507854572.5,94520183347504.06,414156055058334.8,414156055058334.8
23150000000000.0,261504204466066.12,2231458126101782.2,2231458126101782.2,95342094117857.05,417757395112954.4,417757395112954.4
23250000000000.0,263768299570717.53,2250778019752659.5,2250778019752659.5,96167562943492.95,421374325384260.56,421374325384260.56
23350000000000.0,266042153705992.47,2270181188807204.5,2270181188807204.5,96996589824411.75,425006845872253.44,425006845872253.44
23450000000000.0,268325766871890.88,2289667633265417.0,2289667633265417.0,97829174760613.5,428654956576933.06,428654956576933.06
23550000000000.0,270619139068412.78,2309237353127297.0,2309237353127297.0,98665317752098.12,432318657498299.2,432318657498299.2
23650000000000.0,272922270295558.16,2328890348392844.0,2328890348392844.0,99505018798865.69,435997948636352.1,435997948636352.1
23750000000000.0,275235160553327.06,2348626619062059.5,2348626619062059.5,100348277900916.17,439692829991091.7,439692829991091.7
23850000000000.0,277557809841719.47,2368446165134942.5,2368446165134942.5,101195095058249.53,443403301562517.9,443403301562517.9
23950000000000.0,279890218160735.34,2388348986611492.5,2388348986611492.5,102045470270865.83,447129363350630.75,447129363350630.75
24050000000000.0,282232385510374.75,2408335083491710.5,2408335083491710.5,102899403538765.05,450871015355430.25,450871015355430.25
24150000000000.0,284584311890637.6,2428404455775595.5,2428404455775595.5,103756894861947.16,454628257576916.5,454628257576916.5
24250000000000.0,286945997301524.06,2448557103463149.0,2448557103463149.0,104617944240412.2,458401090015089.3,458401090015089.3
24350000000000.0,289317441743033.94,2468793026554369.5,2468793026554369.5,105482551674160.16,462189512669948.94,462189512669948.94
24450000000000.0,291698645215167.3,2489112225049257.5,2489112225049257.5,106350717163191.02,465993525541495.06,465993525541495.06
24550000000000.0,294089607717924.2,2509514698947813.5,2509514698947813.5,107222440707504.78,469813128629727.94,469813128629727.94
24650000000000.0,296490329251304.56,2530000448250036.5,2530000448250036.5,108097722307101.48,473648321934647.5,473648321934647.5
24750000000000.0,298900809815308.44,2550569472955927.5,2550569472955927.5,108976561961981.1,477499105456253.7,477499105456253.7
24850000000000.0,301321049409935.8,2571221773065486.0,2571221773065486.0,109858959672143.6,481365479194546.5,481365479194546.5
24950000000000.0,303751048035186.7,2591957348578712.0,2591957348578712.0,110744915437589.03,485247443149526.06,485247443149526.06
25050000000000.0,306190805691061.0,2612776199495605.5,2612776199495605.5,111634429258317.38,489144997321192.25,489144997321192.25
25150000000000.0,308640322377558.94,2633678325816166.5,2633678325816166.5,112527501134328.62,493058141709545.06,493058141709545.06
25250000000000.0,311099598094680.25,2654663727540395.0,2654663727540395.0,113424131065622.8,496986876314584.56,496986876314584.56
25350000000000.0,313568632842425.2,2675732404668292.0,2675732404668292.0,114324319052199.88,500931201136310.75,500931201136310.75
25450000000000.0,316047426620793.44,2696884357199855.5,2696884357199855.5,115228065094059.88,504891116174723.6,504891116174723.6
25550000000000.0,318535979429785.4,2718119585135087.0,2718119585135087.0,116135369191202.78,508866621429823.1,508866621429823.1
25650000000000.0,321034291269400.7,2739438088473986.0,2739438088473986.0,117046231343628.61,512857716901609.4,512857716901609.4
25750000000000.0,323542362139639.56,2760839867216553.0,2760839867216553.0,117960651551337.34,516864402590082.1,516864402590082.1
25850000000000.0,326060192040501.9,2782324921362787.0,2782324921362787.0,118878629814329.0,520886678495241.7,520886678495241.7
25950000000000.0,328587780971987.7,2803893250912688.5,2803893250912688.5,119800166132603.56,524924544617087.9,524924544617087.9
26050000000000.0,331125128934097.06,2825544855866258.0,2825544855866258.0,120725260506161.05,528978000955620.7,528978000955620.7
26150000000000.0,333672235926829.94,2847279736223495.0,2847279736223495.0,121653912935001.44,533047047510840.2,533047047510840.2
26250000000000.0,336229101950186.25,2869097891984399.5,2869097891984399.5,122586123419124.73,537131684282746.4,537131684282746.4
26350000000000.0,338795727004166.1,2890999323148971.5,2890999323148971.5,123521891958530.94,541231911271339.2,541231911271339.2
26450000000000.0,341372111088769.44,2912984029717211.0,2912984029717211.0,124461218553220.06,545347728476618.6,545347728476618.6
26550000000000.0,343958254203996.25,2935052011689118.0,2935052011689118.0,125404103203192.11,549479135898584.75,549479135898584.75
26650000000000.0,346554156349846.56,2957203269064693.0,2957203269064693.0,126350545908447.08,553626133537237.6,553626133537237.6
26750000000000.0,349159817526320.44,2979437801843936.0,2979437801843936.0,127300546668984.94,557788721392577.06,557788721392577.06
26850000000000.0,351775237733417.75,3001755610026845.5,3001755610026845.5,128254105484805.72,561966899464603.25,561966899464603.25
26950000000000.0,354400416971138.56,3024156693613423.0,3024156693613423.0,129211222355909.42,566160667753316.1,566160667753316.1
27050000000000.0,357035355239482.9,3046641052603668.0,3046641052603668.0,130171897282296.03,570370026258715.6,570370026258715.6
27150000000000.0,359680052538450.6,3069208686997580.5,3069208686997580.5,131136130263965.56,574594974980801.8,574594974980801.8
27250000000000.0,362334508868042.0,3091859596795161.0,3091859596795161.0,132103921300918.0,578835513919574.5,578835513919574.5
27350000000000.0,364998724228256.8,3114593781996409.0,3114593781996409.0,133075270393153.34,583091643075034.0,583091643075034.0
27450000000000.0,367672698619095.1,3137411242601324.5,3137411242601324.5,134050177540671.61,587363362447180.1,587363362447180.1
27550000000000.0,370356432040556.94,3160311978609907.5,3160311978609907.5,135028642743472.78,591650672036012.9,591650672036012.9
27650000000000.0,373049924492642.2,3183295990022157.5,3183295990022157.5,136010666001556.88,595953571841532.4,595953571841532.4
27750000000000.0,375753175975351.0,3206363276838075.5,3206363276838075.5,136996247314923.88,600272061863738.5,600272061863738.5
27850000000000.0,378466186488683.3,3229513839057661.5,3229513839057661.5,137985386683573.8,604606142102631.4,604606142102631.4
27950000000000.0,381188956032639.1,3252747676680915.0,3252747676680915.0,138978084107506.62,608955812558210.9,608955812558210.9
28050000000000.0,383921484607218.4,3276064789707835.5,3276064789707835.5,139974339586722.36,613321073230476.9,613321073230476.9
28150000000000.0,386663772212421.2,3299465178138424.0,3299465178138424.0,140974153121221.03,617701924119429.8,617701924119429.8
28250000000000.0,389415818848247.44,3322948841972680.0,3322948841972680.0,141977524711002.6,622098365225069.1,622098365225069.1
28350000000000.0,392177624514697.25,3346515781210604.0,3346515781210604.0,142984454356067.06,626510396547395.2,626510396547395.2
28450000000000.0,394949189211770.5,3370165995852194.5,3370165995852194.5,143994942056414.47,630938018086408.0,630938018086408.0
28550000000000.0,397730512939467.3,3393899485897453.5,3393899485897453.5,145008987812044.78,635381229842107.6,635381229842107.6
28650000000000.0,400521595697787.56,3417716251346379.5,3417716251346379.5,146026591622958.0,639840031814493.6,639840031814493.6
28750000000000.0,403322437486731.4,3441616292198973.5,3441616292198973.5,147047753489154.16,644314424003566.5,644314424003566.5
28850000000000.0,406133038306298.7,3465599608455235.5,3465599608455235.5,148072473410633.2,648804406409325.9,648804406409325.9
28950000000000.0,408953398156489.44,3489666200115164.0,3489666200115164.0,149100751387395.16,653309979031772.0,653309979031772.0
29050000000000.0,411783517037303.7,3513816067178761.0,3513816067178761.0,150132587419440.06,657831141870904.9,657831141870904.9
29150000000000.0,414623394948741.44,3538049209646024.5,3538049209646024.5,151167981506767.8,662367894926724.2,662367894926724.2
29250000000000.0,417473031890802.7,3562365627516956.5,3562365627516956.5,152206933649378.53,666920238199230.2,666920238199230.2
29350000000000.0,420332427863487.44,3586765320791555.5,3586765320791555.5,153249443847272.16,671488171688423.1,671488171688423.1
29450000000000.0,423201582866795.75,3611248289469823.0,3611248289469823.0,154295512100448.7,676071695394302.6,676071695394302.6
29550000000000.0,426080496900727.44,3635814533551757.0,3635814533551757.0,155345138408908.12,680670809316868.6,680670809316868.6
29650000000000.0,428969169965282.7,3660464053037359.0,3660464053037359.0,156398322772650.5,685285513456121.4,685285513456121.4
29750000000000.0,431867602060461.44,3685196847926628.5,3685196847926628.5,157455065191675.78,689915807812060.9,689915807812060.9
29850000000000.0,434775793186263.75,3710012918219566.0,3710012918219566.0,158515365665983.94,694561692384686.9,694561692384686.9
29950000000000.0,437693743342689.44,3734912263916170.5,3734912263916170.5,159579224195575.03,699223167173999.8,699223167173999.8
30050000000000.0,440621452529738.7,3759894885016443.0,3759894885016443.0,160646640780449.03,703900232179999.1,703900232179999.1
30150000000000.0,443558920747411.44,3784960781520382.5,3784960781520382.5,161717615420605.97,708592887402685.1,708592887402685.1
30250000000000.0,446506147995707.6,3810109953427990.0,3810109953427990.0,162792148116045.8,713301132842058.0,713301132842058.0
30350000000000.0,449463134274627.44,3835342400739265.5,3835342400739265.5,163870238866768.56,718024968498117.4,718024968498117.4
30450000000000.0,452429879584170.6,3860658123454208.0,3860658123454208.0,164951887672774.22,722764394370863.5,722764394370863.5
30550000000000.0,455406383924337.4,3886057121572818.0,3886057121572818.0,166037094534062.8,727519410460296.1,727519410460296.1
30650000000000.0,458392647295127.56,3911539395095095.5,3911539395095095.5,167125859450634.3,732290016766415.6,732290016766415.6
30750000000000.0,461388669696541.3,3937104944021041.5,3937104944021041.5,168218182422488.72,737076213289221.6,737076213289221.6
30850000000000.0,464394451128578.56,3962753768350654.5,3962753768350654.5,169314063449626.03,741878000028714.5,741878000028714.5
30950000000000.0,467409991591239.25,3988485868083934.5,3988485868083934.5,170413502532046.25,746695376984893.9,746695376984893.9
31050000000000.0,470435291084523.44,4014301243220882.5,4014301243220882.5,171516499669749.4,751528344157759.9,751528344157759.9
31150000000000.0,473470349608431.1,4040199893761498.0,4040199893761498.0,172623054862735.44,756376901547312.6,756376901547312.6
31250000000000.0,476515167162962.4,4066181819705781.5,4066181819705781.5,173733168111004.44,761241049153552.0,761241049153552.0
31350000000000.0,479569743748117.06,4092247021053732.5,4092247021053732.5,174846839414556.3,766120786976478.1,766120786976478.1
31450000000000.0,482634079363895.3,4118395497805351.0,4118395497805351.0,175964068773391.12,771016115016090.9,771016115016090.9
31550000000000.0,485708174010297.0,4144627249960637.0,4144627249960637.0,177084856187508.8,775927033272390.2,775927033272390.2
31650000000000.0,488792027687322.2,4170942277519590.5,4170942277519590.5,178209201656909.44,780853541745376.2,780853541745376.2
31750000000000.0,491885640394970.94,4197340580482211.5,4197340580482211.5,179337105181593.0,785795640435049.0,785795640435049.0
31850000000000.0,494989012133243.06,4223822158848500.0,4223822158848500.0,180468566761559.44,790753329341408.4,790753329341408.4
31950000000000.0,498102142902138.8,4250387012618456.5,4250387012618456.5,181603586396808.8,795726608464454.5,795726608464454.5
32050000000000.0,501225032701658.0,4277035141792080.5,4277035141792080.5,182742164087341.06,800715477804187.1,800715477804187.1
32150000000000.0,504357681531800.6,4303766546369371.5,4303766546369371.5,183884299833156.28,805719937360606.5,805719937360606.5
32250000000000.0,507500089392566.8,4330581226350330.0,4330581226350330.0,185029993634254.4,810739987133712.6,810739987133712.6
32350000000000.0,510652256283956.5,4357479181734956.5,4357479181734956.5,186179245490635.4,815775627123505.4,815775627123505.4
32450000000000.0,513814182205969.7,4384460412523251.0,4384460412523251.0,187332055402299.34,820826857329984.8,820826857329984.8
32550000000000.0,516985867158606.4,4411524918715212.5,4411524918715212.5,188488423369246.2,825893677753150.8,825893677753150.8
32650000000000.0,520167311141866.56,4438672700310842.0,4438672700310842.0,189648349391475.94,830976088393003.5,830976088393003.5
32750000000000.0,523358514155750.25,4465903757310139.0,4465903757310139.0,190811833468988.62,836074089249542.9,836074089249542.9
32850000000000.0,526559476200257.4,4493218089713103.0,4493218089713103.0,191978875601784.22,841187680322768.9,841187680322768.9
32950000000000.0,529770197275388.06,4520615697519735.0,4520615697519735.0,193149475789862.7,846316861612681.6,846316861612681.6
33050000000000.0,532990677381142.25,4548096580730035.0,4548096580730035.0,194323634033224.12,851461633119281.0,851461633119281.0
33150000000000.0,536220916517519.94,4575660739344002.0,4575660739344002.0,195501350331868.44,856621994842567.0,856621994842567.0
33250000000000.0,539460914684521.06,4603308173361637.0,4603308173361637.0,196682624685795.7,861797946782539.6,861797946782539.6
33350000000000.0,542710671882145.7,4631038882782939.0,4631038882782939.0,197867457095005.8,866989488939199.0,866989488939199.0
33450000000000.0,545970188110393.9,4658852867607909.0,4658852867607909.0,199055847559498.88,872196621312545.0,872196621312545.0
33550000000000.0,549239463369265.56,4686750127836546.0,4686750127836546.0,200247796079274.88,877419343902577.8,877419343902577.8
33650000000000.0,552518497658760.6,4714730663468851.0,4714730663468851.0,201443302654333.78,882657656709297.1,882657656709297.1
33750000000000.0,555807290978879.4,4742794474504824.0,4742794474504824.0,202642367284675.56,887911559732703.0,887911559732703.0
33850000000000.0,559105843329621.5,4770941560944464.0,4770941560944464.0,203844989970300.3,893181052972795.9,893181052972795.9
33950000000000.0,562414154710987.1,4799171922787771.0,4799171922787771.0,205051170711207.9,898466136429575.1,898466136429575.1
34050000000000.0,565732225122976.2,4827485560034747.0,4827485560034747.0,206260909507398.47,903766810103041.2,903766810103041.2
34150000000000.0,569060054565588.9,4855882472685389.0,4855882472685389.0,207474206358871.9,909083073993193.8,909083073993193.8
34250000000000.0,572397643038825.0,4884362660739700.0,4884362660739700.0,208691061265628.3,914414928100033.2,914414928100033.2
34350000000000.0,575744990542684.6,4912926124197678.0,4912926124197678.0,209911474227667.6,919762372423559.2,919762372423559.2
34450000000000.0,579102097077167.8,4941572863059324.0,4941572863059324.0,211135445244989.78,925125406963771.9,925125406963771.9
34550000000000.0,582468962642274.4,4970302877324637.0,4970302877324637.0,212362974317594.88,930504031720671.1,930504031720671.1
34650000000000.0,585845587238004.5,4999116166993618.0,4999116166993618.0,213594061445482.94,935898246694257.2,935898246694257.2
34750000000000.0,589231970864358.1,5028012732066266.0,5028012732066266.0,214828706628653.88,941308051884529.9,941308051884529.9
34850000000000.0,592628113521335.2,5056992572542582.0,5056992572542582.0,216066909867107.72,946733447291489.2,946733447291489.2
34950000000000.0,596034015208935.9,5086055688422565.0,5086055688422565.0,217308671160844.5,952174432915135.2,952174432915135.2
35050000000000.0,599449675927160.0,5115202079706216.0,5115202079706216.0,218553990509864.16,957631008755467.8,957631008755467.8
35150000000000.0,602875095676007.6,5144431746393535.0,5144431746393535.0,219802867914166.75,963103174812487.2,963103174812487.2
35250000000000.0,606310274455478.8,5173744688484522.0,5173744688484522.0,221055303373752.28,968590931086193.2,968590931086193.2
35350000000000.0,609755212265573.4,5203140905979175.0,5203140905979175.0,222311296888620.7,974094277576585.9,974094277576585.9
35450000000000.0,613209909106291.4,5232620398877496.0,5232620398877496.0,223570848458772.0,979613214283665.1,979613214283665.1
35550000000000.0,616674364977633.1,5262183167179486.0,5262183167179486.0,224833958084206.25,985147741207431.0,985147741207431.0
35650000000000.0,620148579879598.2,5291829210885142.0,5291829210885142.0,226100625764923.4,990697858347883.8,990697858347883.8
35750000000000.0,623632553812186.6,5321558529994465.0,5321558529994465.0,227370851500923.5,996263565705023.1,996263565705023.1
35850000000000.0,627126286775398.9,5351371124507457.0,5351371124507457.0,228644635292206.47,1001844863278849.0,1001844863278849.0
35950000000000.0,630629778769234.5,5381266994424117.0,5381266994424117.0,229921977138772.38,1007441751069361.8,1007441751069361.8
36050000000000.0,634143029793693.5,5411246139744444.0,5411246139744444.0,231202877040621.2,1013054229076561.0,1013054229076561.0
36150000000000.0,637666039848776.1,5441308560468438.0,5441308560468438.0,232487334997752.94,1018682297300447.0,1018682297300447.0
36250000000000.0,641198808934482.1,5471454256596100.0,5471454256596100.0,233775351010167.56,1024325955741019.6,1024325955741019.6
36350000000000.0,644741337050811.8,5501683228127429.0,5501683228127429.0,235066925077865.12,1029985204398278.9,1029985204398278.9
36450000000000.0,648293624197764.9,5531995475062427.0,5531995475062427.0,236362057200845.56,1035660043272224.9,1035660043272224.9
36550000000000.0,651855670375341.4,5562390997401091.0,5562390997401091.0,237660747379108.94,1041350472362857.5,1041350472362857.5
36650000000000.0,655427475583541.4,5592869795143423.0,5592869795143423.0,238962995612655.25,1047056491670176.9,1047056491670176.9
36750000000000.0,659009039822365.1,5623431868289424.0,5623431868289424.0,240268801901484.47,1052778101194182.8,1052778101194182.8
36850000000000.0,662600363091812.1,5654077216839091.0,5654077216839091.0,241578166245596.6,1058515300934875.5,1058515300934875.5
36950000000000.0,666201445391882.6,5684805840792425.0,5684805840792425.0,242891088644991.62,1064268090892254.8,1064268090892254.8
37050000000000.0,669812286722576.8,5715617740149428.0,5715617740149428.0,244207569099669.53,1070036471066320.6,1070036471066320.6
37150000000000.0,673432887083894.4,5746512914910098.0,5746512914910098.0,245527607609630.44,1075820441457073.4,1075820441457073.4
37250000000000.0,677063246475835.4,5777491365074436.0,5777491365074436.0,246851204174874.22,1081620002064512.6,1081620002064512.6
37350000000000.0,680703364898399.9,5808553090642441.0,5808553090642441.0,248178358795400.88,1087435152888638.5,1087435152888638.5
37450000000000.0,684353242351588.0,5839698091614114.0,5839698091614114.0,249509071471210.5,1093265893929451.1,1093265893929451.1
37550000000000.0,688012878835399.5,5870926367989454.0,5870926367989454.0,250843342202303.0,1099112225186950.4,1099112225186950.4
37650000000000.0,691682274349834.6,5902237919768463.0,5902237919768463.0,252181170988678.4,1104974146661136.4,1104974146661136.4
37750000000000.0,695361428894893.1,5933632746951137.0,5933632746951137.0,253522557830336.78,1110851658352009.0,1110851658352009.0
37850000000000.0,699050342470575.2,5965110849537481.0,5965110849537481.0,254867502727278.03,1116744760259568.2,1116744760259568.2
37950000000000.0,702749015076880.8,5996672227527492.0,5996672227527492.0,256216005679502.16,1122653452383814.1,1122653452383814.1
38050000000000.0,706457446713809.8,6028316880921170.0,6028316880921170.0,257568066687009.28,1128577734724746.8,1128577734724746.8
38150000000000.0,710175637381362.4,6060044809718516.0,6060044809718516.0,258923685749799.25,1134517607282366.0,1134517607282366.0
38250000000000.0,713903587079538.2,6091856013919529.0,6091856013919529.0,260282862867872.2,1140473070056672.0,1140473070056672.0
38350000000000.0,717641295808337.9,6123750493524210.0,6123750493524210.0,261645598041228.0,1146444123047664.8,1146444123047664.8
38450000000000.0,721388763567760.9,6155728248532558.0,6155728248532558.0,263011891269866.72,1152430766255343.8,1152430766255343.8
38550000000000.0,725145990357807.4,6187789278944574.0,6187789278944574.0,264381742553788.38,1158432999679709.8,1158432999679709.8
38650000000000.0,728912976178477.4,6219933584760258.0,6219933584760258.0,265755151892992.94,1164450823320762.2,1164450823320762.2
38750000000000.0,732689721029770.9,6252161165979610.0,6252161165979610.0,267132119287480.4,1170484237178501.5,1170484237178501.5
38850000000000.0,736476224911688.0,6284472022602629.0,6284472022602629.0,268512644737250.8,1176533241252927.5,1176533241252927.5
38950000000000.0,740272487824228.4,6316866154629315.0,6316866154629315.0,269896728242304.1,1182597835544040.2,1182597835544040.2
39050000000000.0,744078509767392.5,6349343562059669.0,6349343562059669.0,271284369802640.3,1188678020051839.5,1188678020051839.5
39150000000000.0,747894290741180.0,6381904244893691.0,6381904244893691.0,272675569418259.44,1194773794776325.2,1194773794776325.2
39250000000000.0,751719830745591.0,6414548203131380.0,6414548203131380.0,274070327089161.5,1200885159717498.0,1200885159717498.0
39350000000000.0,755555129780625.5,6447275436772737.0,6447275436772737.0,275468642815346.44,1207012114875357.2,1207012114875357.2
39450000000000.0,759400187846283.6,6480085945817761.0,6480085945817761.0,276870516596814.3,1213154660249903.0,1213154660249903.0
39550000000000.0,763255004942565.0,6512979730266453.0,6512979730266453.0,278275948433565.1,1219312795841135.5,1219312795841135.5
39650000000000.0,767119581069470.0,6545956790118812.0,6545956790118812.0,279684938325598.78,1225486521649054.8,1225486521649054.8
39750000000000.0,770993916226998.6,6579017125374840.0,6579017125374840.0,281097486272915.4,1231675837673660.8,1231675837673660.8
39850000000000.0,774878010415150.5,6612160736034534.0,6612160736034534.0,282513592275514.94,1237880743914953.5,1237880743914953.5
39950000000000.0,778771863633926.0,6645387622097897.0,6645387622097897.0,283933256333397.3,1244101240372932.5,1244101240372932.5
40050000000000.0,782675475883325.0,6678697783564926.0,6678697783564926.0,285356478446562.7,1250337327047598.5,1250337327047598.5
40150000000000.0,786588847163347.5,6712091220435623.0,6712091220435623.0,286783258615010.94,1256589003938951.0,1256589003938951.0
40250000000000.0,790511977473993.4,6745567932709988.0,6745567932709988.0,288213596838742.1,1262856271046990.2,1262856271046990.2
40350000000000.0,794444866815262.9,6779127920388020.0,6779127920388020.0,289647493117756.2,1269139128371716.0,1269139128371716.0
40450000000000.0,798387515187155.9,6812771183469720.0,6812771183469720.0,291084947452053.2,1275437575913128.5,1275437575913128.5
40550000000000.0,802339922589672.4,6846497721955088.0,6846497721955088.0,292525959841633.1,1281751613671227.8,1281751613671227.8
40650000000000.0,806302089022812.4,6880307535844124.0,6880307535844124.0,293970530286496.0,1288081241646013.8,1288081241646013.8
40750000000000.0,810274014486575.9,6914200625136827.0,6914200625136827.0,295418658786641.7,1294426459837486.5,1294426459837486.5
40850000000000.0,814255698980962.8,6948176989833197.0,6948176989833197.0,296870345342070.4,1300787268245645.5,1300787268245645.5
40950000000000.0,818247142505973.2,6982236629933234.0,6982236629933234.0,298325589952781.94,1307163666870491.5,1307163666870491.5
41050000000000.0,822248345061607.2,7016379545436940.0,7016379545436940.0,299784392618776.44,1313555655712024.0,1313555655712024.0
41150000000000.0,826259306647864.6,7050605736344313.0,7050605736344313.0,301246753340053.8,1319963234770243.2,1319963234770243.2
41250000000000.0,830280027264745.6,7084915202655354.0,7084915202655354.0,302712672116614.1,1326386404045149.0,1326386404045149.0
41350000000000.0,834310506912250.0,7119307944370062.0,7119307944370062.0,304182148948457.3,1332825163536741.5,1332825163536741.5
41450000000000.0,838350745590378.1,7153783961488438.0,7153783961488438.0,305655183835583.5,1339279513245020.8,1339279513245020.8
41550000000000.0,842400743299129.5,7188343254010481.0,7188343254010481.0,307131776777992.5,1345749453169986.8,1345749453169986.8
41650000000000.0,846460500038504.5,7222985821936192.0,7222985821936192.0,308611927775684.5,1352234983311639.2,1352234983311639.2
41750000000000.0,850530015808502.9,7257711665265571.0,7257711665265571.0,310095636828659.4,1358736103669978.5,1358736103669978.5
41850000000000.0,854609290609124.9,7292520783998617.0,7292520783998617.0,311582903936917.2,1365252814245004.2,1365252814245004.2
41950000000000.0,858698324440370.2,7327413178135330.0,7327413178135330.0,313073729100457.9,1371785115036716.8,1371785115036716.8
42050000000000.0,862797117302239.2,7362388847675712.0,7362388847675712.0,314568112319281.44,1378333006045116.0,1378333006045116.0
42150000000000.0,866905669194731.6,7397447792619761.0,7397447792619761.0,316066053593388.0,1384896487270202.0,1384896487270202.0
42250000000000.0,871023980117847.6,7432590012967477.0,7432590012967477.0,317567552922777.44,1391475558711974.5,1391475558711974.5
42350000000000.0,875152050071587.0,7467815508718861.0,7467815508718861.0,319072610307449.8,1398070220370433.5,1398070220370433.5
42450000000000.0,879289879055949.9,7503124279873912.0,7503124279873912.0,320581225747405.06,1404680472245579.5,1404680472245579.5
42550000000000.0,883437467070936.4,7538516326432632.0,7538516326432632.0,322093399242643.25,1411306314337412.0,1411306314337412.0
42650000000000.0,887594814116546.2,7573991648395018.0,7573991648395018.0,323609130793164.3,1417947746645931.0,1417947746645931.0
42750000000000.0,891761920192779.8,7609550245761073.0,7609550245761073.0,325128420398968.3,1424604769171137.0,1424604769171137.0
42850000000000.0,895938785299636.6,7645192118530795.0,7645192118530795.0,326651268060055.3,1431277381913029.5,1431277381913029.5
42950000000000.0,900125409437117.1,7680917266704184.0,7680917266704184.0,328177673776425.1,1437965584871608.8,1437965584871608.8
43050000000000.0,904321792605220.9,7716725690281241.0,7716725690281241.0,329707637548077.9,1444669378046874.5,1444669378046874.5
43150000000000.0,908527934803948.4,7752617389261966.0,7752617389261966.0,331241159375013.5,1451388761438827.0,1451388761438827.0
43250000000000.0,912743836033299.2,7788592363646357.0,7788592363646357.0,332778239257232.1,1458123735047466.2,1458123735047466.2
43350000000000.0,916969496293273.8,7824650613434418.0,7824650613434418.0,334318877194733.56,1464874298872792.0,1464874298872792.0
43450000000000.0,921204915583871.6,7860792138626145.0,7860792138626145.0,335863073187518.0,1471640452914804.5,1471640452914804.5
43550000000000.0,925450093905093.0,7897016939221540.0,7897016939221540.0,337410827235585.3,1478422197173503.5,1478422197173503.5
43650000000000.0,929705031256937.9,7933325015220602.0,7933325015220602.0,338962139338935.5,1485219531648889.5,1485219531648889.5
43750000000000.0,933969727639406.2,7969716366623332.0,7969716366623332.0,340517009497568.7,1492032456340962.0,1492032456340962.0
43850000000000.0,938244183052498.1,8006190993429729.0,8006190993429729.0,342075437711484.75,1498860971249721.2,1498860971249721.2
43950000000000.0,942528397496213.5,8042748895639794.0,8042748895639794.0,343637423980683.7,1505705076375167.0,1505705076375167.0
44050000000000.0,946822370970552.5,8079390073253528.0,8079390073253528.0,345202968305165.6,1512564771717299.5,1512564771717299.5
44150000000000.0,951126103475514.8,8116114526270927.0,8116114526270927.0,346772070684930.4,1519440057276118.8,1519440057276118.8
44250000000000.0,955439595011100.6,8152922254691995.0,8152922254691995.0,348344731119978.1,1526330933051624.5,1526330933051624.5
44350000000000.0,959762845577310.1,8189813258516731.0,8189813258516731.0,349920949610308.75,1533237399043817.0,1533237399043817.0
44450000000000.0,964095855174142.9,8226787537745134.0,8226787537745134.0,351500726155922.25,1540159455252696.0,1540159455252696.0
44550000000000.0,968438623801599.2,8263845092377204.0,8263845092377204.0,353084060756818.7,1547097101678262.0,1547097101678262.0
44650000000000.0,972791151459679.2,8300985922412944.0,8300985922412944.0,354670953412998.06,1554050338320514.2,1554050338320514.2
44750000000000.0,977153438148382.5,8338210027852348.0,8338210027852348.0,356261404124460.4,1561019165179453.5,1561019165179453.5
44850000000000.0,981525483867709.4,8375517408695422.0,8375517408695422.0,357855412891205.56,1568003582255079.5,1568003582255079.5
44950000000000.0,985907288617659.9,8412908064942163.0,8412908064942163.0,359452979713233.6,1575003589547391.8,1575003589547391.8
45050000000000.0,990298852398233.6,8450381996592571.0,8450381996592571.0,361054104590544.6,1582019187056390.8,1582019187056390.8
45150000000000.0,994700175209431.0,8487939203646647.0,8487939203646647.0,362658787523138.6,1589050374782077.0,1589050374782077.0
45250000000000.0,999111257051252.0,8525579686104392.0,8525579686104392.0,364267028511015.44,1596097152724449.0,1596097152724449.0
45350000000000.0,1003532097923696.1,8563303443965802.0,8563303443965802.0,365878827554175.2,1603159520883508.2,1603159520883508.2
45450000000000.0,1007962697826764.0,8601110477230881.0,8601110477230881.0,367494184652617.8,1610237479259254.0,1610237479259254.0
45550000000000.0,1012403056760455.5,8639000785899628.0,8639000785899628.0,369113099806343.44,1617331027851686.5,1617331027851686.5
45650000000000.0,1016853174724770.2,8676974369972041.0,8676974369972041.0,370735573015351.94,1624440166660805.5,1624440166660805.5
45750000000000.0,1021313051719708.5,8715031229448122.0,8715031229448122.0,372361604279643.4,1631564895686611.5,1631564895686611.5
45850000000000.0,1025782687745270.5,8753171364327873.0,8753171364327873.0,373991193599217.6,1638705214929103.8,1638705214929103.8
45950000000000.0,1030262082801455.8,8791394774611288.0,8791394774611288.0,375624340974074.94,1645861124388283.2,1645861124388283.2
46050000000000.0,1034751236888264.6,8829701460298373.0,8829701460298373.0,377261046404215.06,1653032624064149.0,1653032624064149.0
46150000000000.0,1039250150005697.0,8868091421389125.0,8868091421389125.0,378901309889638.06,1660219713956701.2,1660219713956701.2
46250000000000.0,1043758822153752.8,8906564657883544.0,8906564657883544.0,380545131430344.1,1667422394065940.5,1667422394065940.5
46350000000000.0,1048277253332432.0,8945121169781630.0,8945121169781630.0,382192511026332.94,1674640664391866.0,1674640664391866.0
46450000000000.0,1052805443541735.0,8983760957083386.0,8983760957083386.0,383843448677604.75,1681874524934478.5,1681874524934478.5
46550000000000.0,1057343392781661.4,9022484019788808.0,9022484019788808.0,385497944384159.5,1689123975693777.5,1689123975693777.5
46650000000000.0,1061891101052211.0,9061290357897896.0,9061290357897896.0,387155998145997.1,1696389016669763.5,1696389016669763.5
46750000000000.0,1066448568353384.4,9100179971410654.0,9100179971410654.0,388817609963117.7,1703669647862435.8,1703669647862435.8
46850000000000.0,1071015794685181.1,9139152860327078.0,9139152860327078.0,390482779835521.2,1710965869271795.2,1710965869271795.2
46950000000000.0,1075592780047601.6,9178209024647172.0,9178209024647172.0,392151507763207.56,1718277680897841.0,1718277680897841.0
47050000000000.0,1080179524440645.4,9217348464370932.0,9217348464370932.0,393823793746176.75,1725605082740573.2,1725605082740573.2
47150000000000.0,1084776027864312.8,9256571179498360.0,9256571179498360.0,395499637784429.0,1732948074799992.5,1732948074799992.5
47250000000000.0,1089382290318603.4,9295877170029454.0,9295877170029454.0,397179039877964.1,1740306657076098.0,1740306657076098.0
47350000000000.0,1093998311803517.8,9335266435964218.0,9335266435964218.0,398862000026782.1,1747680829568890.5,1747680829568890.5
47450000000000.0,1098624092319055.5,9374738977302646.0,9374738977302646.0,400548518230883.06,1755070592278369.5,1755070592278369.5
47550000000000.0,1103259631865216.9,9414294794044746.0,9414294794044746.0,402238594490266.94,1762475945204535.5,1762475945204535.5
47650000000000.0,1107904930442001.6,9453933886190510.0,9453933886190510.0,403932228804933.7,1769896888347387.8,1769896888347387.8
47750000000000.0,1112559988049410.0,9493656253739944.0,9493656253739944.0,405629421174883.4,1777333421706926.8,1777333421706926.8
47850000000000.0,1117224804687441.8,9533461896693044.0,9533461896693044.0,407330171600115.94,1784785545283152.5,1784785545283152.5
47950000000000.0,1121899380356097.0,9573350815049812.0,9573350815049812.0,409034480080631.5,1792253259076065.0,1792253259076065.0
48050000000000.0,1126583715055375.8,9613323008810248.0,9613323008810248.0,410742346616429.9,1799736563085664.0,1799736563085664.0
48150000000000.0,1131277808785278.0,9653378477974352.0,9653378477974352.0,412453771207511.25,1807235457311950.0,1807235457311950.0
48250000000000.0,1135981661545804.0,9693517222542122.0,9693517222542122.0,414168753853875.5,1814749941754922.5,1814749941754922.5
48350000000000.0,1140695273336953.2,9733739242513560.0,9733739242513560.0,415887294555522.56,1822280016414581.2,1822280016414581.2
48450000000000.0,1145418644158726.0,9774044537888666.0,9774044537888666.0,417609393312452.7,1829825681290927.0,1829825681290927.0
48550000000000.0,1150151774011122.2,9814433108667440.0,9814433108667440.0,419335050124665.6,1837386936383959.2,1837386936383959.2
48650000000000.0,1154894662894142.0,9854904954849882.0,9854904954849882.0,421064264992161.5,1844963781693678.2,1844963781693678.2
48750000000000.0,1159647310807785.2,9895460076435990.0,9895460076435990.0,422797037914940.4,1852556217220084.2,1852556217220084.2
48850000000000.0,1164409717752052.0,9936098473425766.0,9936098473425766.0,424533368893002.1,1860164242963176.8,1860164242963176.8
48950000000000.0,1169181883726942.2,9976820145819210.0,9976820145819210.0,426273257926346.75,1867787858922956.0,1867787858922956.0
49050000000000.0,1173963808732456.0,1.0017625093616322e+16,1.0017625093616322e+16,428016705014974.3,1875427065099421.5,1875427065099421.5
49150000000000.0,1178755492768593.2,1.0058513316817102e+16,1.0058513316817102e+16,429763710158884.75,1883081861492574.0,1883081861492574.0
49250000000000.0,1183556935835354.0,1.0099484815421548e+16,1.0099484815421548e+16,431514273358078.2,1890752248102413.0,1890752248102413.0
49350000000000.0,1188368137932738.2,1.0140539589429662e+16,1.0140539589429662e+16,433268394612554.44,1898438224928938.5,1898438224928938.5
49450000000000.0,1193189099060746.0,1.0181677638841442e+16,1.0181677638841442e+16,435026073922313.6,1906139791972150.8,1906139791972150.8
49550000000000.0,1198019819219377.2,1.0222898963656892e+16,1.0222898963656892e+16,436787311287355.7,1913856949232050.0,1913856949232050.0
49650000000000.0,1202860298408632.0,1.026420356387601e+16,1.026420356387601e+16,438552106707680.75,1921589696708635.8,1921589696708635.8
49750000000000.0,1207710536628510.2,1.0305591439498794e+16,1.0305591439498794e+16,440320460183288.75,1929338034401908.2,1929338034401908.2
49850000000000.0,1212570533879012.0,1.0347062590525246e+16,1.0347062590525246e+16,442092371714179.56,1937101962311867.0,1937101962311867.0
49950000000000.0,1217440290160137.2,1.0388617016955366e+16,1.0388617016955366e+16,443867841300353.4,1944881480438513.0,1944881480438513.0
